{
"meta":{"test_sets":[],"test_metrics":[],"learn_metrics":[{"best_value":"Min","name":"RMSE"}],"launch_mode":"Train","parameters":"","iteration_count":1000,"learn_sets":["learn"],"name":"experiment"},
"iterations":[
{"learn":[77625.9139],"iteration":0,"passed_time":0.05539702305,"remaining_time":55.34162602},
{"learn":[75699.55332],"iteration":1,"passed_time":0.05893965138,"remaining_time":29.41088604},
{"learn":[73841.80913],"iteration":2,"passed_time":0.06319273751,"remaining_time":21.0010531},
{"learn":[71892.55655],"iteration":3,"passed_time":0.06820297879,"remaining_time":16.98254172},
{"learn":[70045.42089],"iteration":4,"passed_time":0.07326453624,"remaining_time":14.57964271},
{"learn":[68229.904],"iteration":5,"passed_time":0.07868890302,"remaining_time":13.03612827},
{"learn":[66523.28931],"iteration":6,"passed_time":0.08326027514,"remaining_time":11.81106474},
{"learn":[64869.75467],"iteration":7,"passed_time":0.08772359534,"remaining_time":10.87772582},
{"learn":[63243.79462],"iteration":8,"passed_time":0.09211365201,"remaining_time":10.14273657},
{"learn":[61781.62643],"iteration":9,"passed_time":0.09732701206,"remaining_time":9.635374194},
{"learn":[60222.75628],"iteration":10,"passed_time":0.1022751868,"remaining_time":9.195469066},
{"learn":[58898.93566],"iteration":11,"passed_time":0.1087441131,"remaining_time":8.953265315},
{"learn":[57456.16792],"iteration":12,"passed_time":0.1121894336,"remaining_time":8.517766997},
{"learn":[56128.55686],"iteration":13,"passed_time":0.1163624462,"remaining_time":8.195240852},
{"learn":[55080.30778],"iteration":14,"passed_time":0.1205854017,"remaining_time":7.918441378},
{"learn":[53801.17324],"iteration":15,"passed_time":0.126019623,"remaining_time":7.750206814},
{"learn":[52772.17391],"iteration":16,"passed_time":0.1308485371,"remaining_time":7.566124231},
{"learn":[51692.47579],"iteration":17,"passed_time":0.1346371127,"remaining_time":7.345202482},
{"learn":[50521.21138],"iteration":18,"passed_time":0.1429875855,"remaining_time":7.382674809},
{"learn":[49630.75598],"iteration":19,"passed_time":0.148472988,"remaining_time":7.275176412},
{"learn":[48621.6374],"iteration":20,"passed_time":0.1521807093,"remaining_time":7.094519732},
{"learn":[47802.42379],"iteration":21,"passed_time":0.1574751067,"remaining_time":7.000484287},
{"learn":[46846.07063],"iteration":22,"passed_time":0.163240446,"remaining_time":6.934170248},
{"learn":[45923.25322],"iteration":23,"passed_time":0.1691958564,"remaining_time":6.880631495},
{"learn":[45051.14375],"iteration":24,"passed_time":0.175249304,"remaining_time":6.834722855},
{"learn":[44243.49344],"iteration":25,"passed_time":0.1803079601,"remaining_time":6.75461358},
{"learn":[43536.73706],"iteration":26,"passed_time":0.1846504742,"remaining_time":6.654255979},
{"learn":[42856.64352],"iteration":27,"passed_time":0.1887752052,"remaining_time":6.553196408},
{"learn":[42157.66568],"iteration":28,"passed_time":0.1948637111,"remaining_time":6.524574601},
{"learn":[41402.05984],"iteration":29,"passed_time":0.2025659874,"remaining_time":6.549633591},
{"learn":[40728.52796],"iteration":30,"passed_time":0.2094568475,"remaining_time":6.547215652},
{"learn":[40031.86161],"iteration":31,"passed_time":0.21524529,"remaining_time":6.511170021},
{"learn":[39244.21168],"iteration":32,"passed_time":0.2222116546,"remaining_time":6.511474849},
{"learn":[38648.06366],"iteration":33,"passed_time":0.229533755,"remaining_time":6.52145904},
{"learn":[38045.62622],"iteration":34,"passed_time":0.2370778082,"remaining_time":6.536573854},
{"learn":[37460.7798],"iteration":35,"passed_time":0.2427701793,"remaining_time":6.500845911},
{"learn":[36823.35259],"iteration":36,"passed_time":0.2493359497,"remaining_time":6.489473502},
{"learn":[36277.03902],"iteration":37,"passed_time":0.25614848,"remaining_time":6.484600994},
{"learn":[35824.33182],"iteration":38,"passed_time":0.2625103074,"remaining_time":6.468523215},
{"learn":[35287.59178],"iteration":39,"passed_time":0.2704396281,"remaining_time":6.490551075},
{"learn":[34765.2697],"iteration":40,"passed_time":0.2785617946,"remaining_time":6.515628318},
{"learn":[34222.98509],"iteration":41,"passed_time":0.2828955205,"remaining_time":6.45271211},
{"learn":[33792.56451],"iteration":42,"passed_time":0.2872844974,"remaining_time":6.393750326},
{"learn":[33370.90708],"iteration":43,"passed_time":0.2935765233,"remaining_time":6.378617189},
{"learn":[32910.14386],"iteration":44,"passed_time":0.3004407774,"remaining_time":6.376020943},
{"learn":[32520.86912],"iteration":45,"passed_time":0.3051397891,"remaining_time":6.328333887},
{"learn":[32110.94572],"iteration":46,"passed_time":0.3107732731,"remaining_time":6.301424027},
{"learn":[31723.23922],"iteration":47,"passed_time":0.3156596521,"remaining_time":6.2605831},
{"learn":[31351.21973],"iteration":48,"passed_time":0.3205883179,"remaining_time":6.222030416},
{"learn":[30986.13181],"iteration":49,"passed_time":0.3260394275,"remaining_time":6.194749123},
{"learn":[30575.21339],"iteration":50,"passed_time":0.3324198616,"remaining_time":6.18561664},
{"learn":[30197.63853],"iteration":51,"passed_time":0.3377629519,"remaining_time":6.15767843},
{"learn":[29927.44404],"iteration":52,"passed_time":0.3422043827,"remaining_time":6.114482083},
{"learn":[29608.9291],"iteration":53,"passed_time":0.3475001261,"remaining_time":6.087687395},
{"learn":[29319.90588],"iteration":54,"passed_time":0.3520913876,"remaining_time":6.049570205},
{"learn":[29010.47526],"iteration":55,"passed_time":0.357905706,"remaining_time":6.033267615},
{"learn":[28735.37802],"iteration":56,"passed_time":0.3651757519,"remaining_time":6.041416388},
{"learn":[28463.96765],"iteration":57,"passed_time":0.3709239883,"remaining_time":6.024317189},
{"learn":[28195.07146],"iteration":58,"passed_time":0.3768753307,"remaining_time":6.010842138},
{"learn":[27918.74513],"iteration":59,"passed_time":0.3821246748,"remaining_time":5.986619905},
{"learn":[27715.46151],"iteration":60,"passed_time":0.3874587376,"remaining_time":5.964323846},
{"learn":[27407.28398],"iteration":61,"passed_time":0.3981491294,"remaining_time":6.023611022},
{"learn":[27152.22775],"iteration":62,"passed_time":0.404123565,"remaining_time":6.010536197},
{"learn":[26893.77806],"iteration":63,"passed_time":0.4115399188,"remaining_time":6.018771312},
{"learn":[26695.43389],"iteration":64,"passed_time":0.4164646751,"remaining_time":5.990684173},
{"learn":[26448.37094],"iteration":65,"passed_time":0.4223344348,"remaining_time":5.976672153},
{"learn":[26234.42323],"iteration":66,"passed_time":0.429333096,"remaining_time":5.97862356},
{"learn":[26015.33294],"iteration":67,"passed_time":0.4345749154,"remaining_time":5.956232664},
{"learn":[25811.30448],"iteration":68,"passed_time":0.4404343188,"remaining_time":5.94267175},
{"learn":[25616.52885],"iteration":69,"passed_time":0.4451281364,"remaining_time":5.913845241},
{"learn":[25448.47584],"iteration":70,"passed_time":0.4505566275,"remaining_time":5.895311365},
{"learn":[25280.72943],"iteration":71,"passed_time":0.4580453027,"remaining_time":5.903695013},
{"learn":[25123.24322],"iteration":72,"passed_time":0.4647056536,"remaining_time":5.901125218},
{"learn":[24933.87766],"iteration":73,"passed_time":0.4705534243,"remaining_time":5.888276634},
{"learn":[24763.38332],"iteration":74,"passed_time":0.4760720998,"remaining_time":5.871555897},
{"learn":[24610.38479],"iteration":75,"passed_time":0.4804624291,"remaining_time":5.841411638},
{"learn":[24424.28171],"iteration":76,"passed_time":0.4865719375,"remaining_time":5.832544134},
{"learn":[24256.86729],"iteration":77,"passed_time":0.4923245744,"remaining_time":5.819528943},
{"learn":[24073.79514],"iteration":78,"passed_time":0.4976624299,"remaining_time":5.801861999},
{"learn":[23932.75206],"iteration":79,"passed_time":0.5014932878,"remaining_time":5.76717281},
{"learn":[23772.10808],"iteration":80,"passed_time":0.506479165,"remaining_time":5.746350033},
{"learn":[23633.67941],"iteration":81,"passed_time":0.5113121444,"remaining_time":5.724201812},
{"learn":[23476.90427],"iteration":82,"passed_time":0.5164645512,"remaining_time":5.705999921},
{"learn":[23309.07717],"iteration":83,"passed_time":0.5236206193,"remaining_time":5.709958182},
{"learn":[23190.39009],"iteration":84,"passed_time":0.5291763242,"remaining_time":5.69642749},
{"learn":[23049.03276],"iteration":85,"passed_time":0.534159973,"remaining_time":5.677002504},
{"learn":[22899.14458],"iteration":86,"passed_time":0.5382184053,"remaining_time":5.648200047},
{"learn":[22762.5034],"iteration":87,"passed_time":0.5433340698,"remaining_time":5.630916724},
{"learn":[22641.53114],"iteration":88,"passed_time":0.5486407802,"remaining_time":5.615862368},
{"learn":[22549.83948],"iteration":89,"passed_time":0.5543364095,"remaining_time":5.604957029},
{"learn":[22431.2193],"iteration":90,"passed_time":0.5603168915,"remaining_time":5.597011587},
{"learn":[22329.46505],"iteration":91,"passed_time":0.5649518665,"remaining_time":5.575829291},
{"learn":[22203.41039],"iteration":92,"passed_time":0.5694634312,"remaining_time":5.55379927},
{"learn":[22107.83869],"iteration":93,"passed_time":0.5740253003,"remaining_time":5.53262683},
{"learn":[22028.46067],"iteration":94,"passed_time":0.5772217132,"remaining_time":5.49879632},
{"learn":[21929.06997],"iteration":95,"passed_time":0.5835421224,"remaining_time":5.495021652},
{"learn":[21871.37609],"iteration":96,"passed_time":0.589096435,"remaining_time":5.484062689},
{"learn":[21786.64113],"iteration":97,"passed_time":0.5945024641,"remaining_time":5.471849211},
{"learn":[21664.14491],"iteration":98,"passed_time":0.6002136103,"remaining_time":5.46255013},
{"learn":[21564.36255],"iteration":99,"passed_time":0.606282139,"remaining_time":5.456539251},
{"learn":[21487.06481],"iteration":100,"passed_time":0.6117277602,"remaining_time":5.444982737},
{"learn":[21403.09706],"iteration":101,"passed_time":0.6180346671,"remaining_time":5.441128736},
{"learn":[21316.34618],"iteration":102,"passed_time":0.6235634598,"remaining_time":5.430450713},
{"learn":[21232.69456],"iteration":103,"passed_time":0.6292491902,"remaining_time":5.421223793},
{"learn":[21149.09859],"iteration":104,"passed_time":0.6340847331,"remaining_time":5.404817487},
{"learn":[21085.92733],"iteration":105,"passed_time":0.6392586235,"remaining_time":5.391483107},
{"learn":[21001.42691],"iteration":106,"passed_time":0.645236013,"remaining_time":5.385007099},
{"learn":[20917.51768],"iteration":107,"passed_time":0.6521266521,"remaining_time":5.38608309},
{"learn":[20845.86189],"iteration":108,"passed_time":0.6580444235,"remaining_time":5.37906038},
{"learn":[20784.10836],"iteration":109,"passed_time":0.663074623,"remaining_time":5.364876495},
{"learn":[20700.64513],"iteration":110,"passed_time":0.6685054601,"remaining_time":5.354066253},
{"learn":[20616.29076],"iteration":111,"passed_time":0.6729619322,"remaining_time":5.335626748},
{"learn":[20577.61461],"iteration":112,"passed_time":0.6786975023,"remaining_time":5.327475085},
{"learn":[20512.19326],"iteration":113,"passed_time":0.6831140518,"remaining_time":5.309114473},
{"learn":[20423.19214],"iteration":114,"passed_time":0.6884384095,"remaining_time":5.297982543},
{"learn":[20369.63266],"iteration":115,"passed_time":0.6940969053,"remaining_time":5.289497106},
{"learn":[20321.40541],"iteration":116,"passed_time":0.6989845416,"remaining_time":5.275242309},
{"learn":[20254.5437],"iteration":117,"passed_time":0.7034140064,"remaining_time":5.257721641},
{"learn":[20191.87183],"iteration":118,"passed_time":0.7095215944,"remaining_time":5.252844745},
{"learn":[20117.49922],"iteration":119,"passed_time":0.7133764886,"remaining_time":5.231427583},
{"learn":[20057.71621],"iteration":120,"passed_time":0.7180183769,"remaining_time":5.216017796},
{"learn":[20016.62936],"iteration":121,"passed_time":0.724340845,"remaining_time":5.212879196},
{"learn":[19972.57452],"iteration":122,"passed_time":0.7282558374,"remaining_time":5.192523328},
{"learn":[19895.07867],"iteration":123,"passed_time":0.7326894328,"remaining_time":5.176096316},
{"learn":[19854.82539],"iteration":124,"passed_time":0.7384444982,"remaining_time":5.169111487},
{"learn":[19785.31615],"iteration":125,"passed_time":0.7446181421,"remaining_time":5.165049652},
{"learn":[19729.17508],"iteration":126,"passed_time":0.7498144906,"remaining_time":5.154236617},
{"learn":[19695.76502],"iteration":127,"passed_time":0.7555937072,"remaining_time":5.147482131},
{"learn":[19620.03708],"iteration":128,"passed_time":0.7601397741,"remaining_time":5.132416614},
{"learn":[19548.9642],"iteration":129,"passed_time":0.7652695206,"remaining_time":5.121419099},
{"learn":[19488.57814],"iteration":130,"passed_time":0.7732244972,"remaining_time":5.129252581},
{"learn":[19450.8195],"iteration":131,"passed_time":0.7797555544,"remaining_time":5.127483494},
{"learn":[19404.72492],"iteration":132,"passed_time":0.7860185186,"remaining_time":5.123895155},
{"learn":[19325.97733],"iteration":133,"passed_time":0.7922997153,"remaining_time":5.120384728},
{"learn":[19255.01839],"iteration":134,"passed_time":0.797439407,"remaining_time":5.109519163},
{"learn":[19203.7894],"iteration":135,"passed_time":0.8041445412,"remaining_time":5.108682967},
{"learn":[19157.21327],"iteration":136,"passed_time":0.8092634775,"remaining_time":5.097769205},
{"learn":[19115.05734],"iteration":137,"passed_time":0.8138049436,"remaining_time":5.083332329},
{"learn":[19058.91689],"iteration":138,"passed_time":0.8191738682,"remaining_time":5.074163313},
{"learn":[19018.10465],"iteration":139,"passed_time":0.8246072543,"remaining_time":5.065444562},
{"learn":[18963.33691],"iteration":140,"passed_time":0.8286769788,"remaining_time":5.048464715},
{"learn":[18932.55284],"iteration":141,"passed_time":0.8335301962,"remaining_time":5.036400763},
{"learn":[18885.13443],"iteration":142,"passed_time":0.8402349382,"remaining_time":5.03553386},
{"learn":[18831.35752],"iteration":143,"passed_time":0.8456067823,"remaining_time":5.026662539},
{"learn":[18787.96379],"iteration":144,"passed_time":0.8503317967,"remaining_time":5.014025422},
{"learn":[18749.59312],"iteration":145,"passed_time":0.8563057559,"remaining_time":5.008802161},
{"learn":[18706.53029],"iteration":146,"passed_time":0.8607422753,"remaining_time":4.994647352},
{"learn":[18660.82541],"iteration":147,"passed_time":0.8675865966,"remaining_time":4.994485002},
{"learn":[18619.65901],"iteration":148,"passed_time":0.873370903,"remaining_time":4.988178782},
{"learn":[18580.0634],"iteration":149,"passed_time":0.8784437326,"remaining_time":4.977847818},
{"learn":[18536.22622],"iteration":150,"passed_time":0.8822093002,"remaining_time":4.960236396},
{"learn":[18483.86375],"iteration":151,"passed_time":0.8877664245,"remaining_time":4.952802158},
{"learn":[18441.11439],"iteration":152,"passed_time":0.8921336824,"remaining_time":4.938805418},
{"learn":[18392.70976],"iteration":153,"passed_time":0.8998716719,"remaining_time":4.943450873},
{"learn":[18366.38943],"iteration":154,"passed_time":0.9042357611,"remaining_time":4.929543343},
{"learn":[18346.64608],"iteration":155,"passed_time":0.9091328072,"remaining_time":4.918641598},
{"learn":[18293.82343],"iteration":156,"passed_time":0.9134981764,"remaining_time":4.904961546},
{"learn":[18263.8169],"iteration":157,"passed_time":0.9183852447,"remaining_time":4.894179595},
{"learn":[18243.79467],"iteration":158,"passed_time":0.9245469299,"remaining_time":4.890213635},
{"learn":[18231.17528],"iteration":159,"passed_time":0.9318769762,"remaining_time":4.892354125},
{"learn":[18179.67854],"iteration":160,"passed_time":0.9372705747,"remaining_time":4.88428579},
{"learn":[18137.24236],"iteration":161,"passed_time":0.9416174858,"remaining_time":4.87083613},
{"learn":[18084.98249],"iteration":162,"passed_time":0.9461014842,"remaining_time":4.8582021},
{"learn":[18047.75438],"iteration":163,"passed_time":0.950933989,"remaining_time":4.847443993},
{"learn":[18014.24253],"iteration":164,"passed_time":0.9562748238,"remaining_time":4.839330169},
{"learn":[17993.92333],"iteration":165,"passed_time":0.9622014724,"remaining_time":4.834192939},
{"learn":[17951.49235],"iteration":166,"passed_time":0.9675225012,"remaining_time":4.82602541},
{"learn":[17910.25532],"iteration":167,"passed_time":0.9724129165,"remaining_time":4.815759206},
{"learn":[17877.1094],"iteration":168,"passed_time":0.9783924357,"remaining_time":4.810911917},
{"learn":[17851.26433],"iteration":169,"passed_time":0.9845692718,"remaining_time":4.80701468},
{"learn":[17811.55478],"iteration":170,"passed_time":0.9904153232,"remaining_time":4.801487152},
{"learn":[17773.47613],"iteration":171,"passed_time":0.9966018924,"remaining_time":4.797595156},
{"learn":[17736.89593],"iteration":172,"passed_time":1.001037662,"remaining_time":4.785307204},
{"learn":[17689.72487],"iteration":173,"passed_time":1.005180945,"remaining_time":4.771721038},
{"learn":[17647.63015],"iteration":174,"passed_time":1.010855742,"remaining_time":4.765462784},
{"learn":[17612.26167],"iteration":175,"passed_time":1.015529728,"remaining_time":4.754525547},
{"learn":[17586.86779],"iteration":176,"passed_time":1.021528389,"remaining_time":4.74981844},
{"learn":[17557.02426],"iteration":177,"passed_time":1.029576447,"remaining_time":4.754560893},
{"learn":[17527.66096],"iteration":178,"passed_time":1.033487358,"remaining_time":4.740185034},
{"learn":[17504.64142],"iteration":179,"passed_time":1.036877419,"remaining_time":4.723552688},
{"learn":[17461.38357],"iteration":180,"passed_time":1.042180893,"remaining_time":4.715724594},
{"learn":[17424.62311],"iteration":181,"passed_time":1.046457349,"remaining_time":4.703308304},
{"learn":[17407.51984],"iteration":182,"passed_time":1.051785626,"remaining_time":4.695676811},
{"learn":[17359.76334],"iteration":183,"passed_time":1.058556814,"remaining_time":4.69446935},
{"learn":[17305.52352],"iteration":184,"passed_time":1.062988883,"remaining_time":4.682896972},
{"learn":[17280.46259],"iteration":185,"passed_time":1.067744245,"remaining_time":4.672816211},
{"learn":[17239.70052],"iteration":186,"passed_time":1.073840828,"remaining_time":4.668623493},
{"learn":[17227.31984],"iteration":187,"passed_time":1.079038272,"remaining_time":4.660527004},
{"learn":[17208.03533],"iteration":188,"passed_time":1.085091297,"remaining_time":4.656132497},
{"learn":[17166.75772],"iteration":189,"passed_time":1.092145399,"remaining_time":4.655988279},
{"learn":[17143.32092],"iteration":190,"passed_time":1.096242859,"remaining_time":4.643248548},
{"learn":[17121.68131],"iteration":191,"passed_time":1.101464465,"remaining_time":4.635329626},
{"learn":[17095.7695],"iteration":192,"passed_time":1.106646266,"remaining_time":4.627272209},
{"learn":[17060.48493],"iteration":193,"passed_time":1.11165287,"remaining_time":4.618516563},
{"learn":[17028.77886],"iteration":194,"passed_time":1.117722185,"remaining_time":4.614186455},
{"learn":[16988.28734],"iteration":195,"passed_time":1.124412149,"remaining_time":4.61238453},
{"learn":[16956.80453],"iteration":196,"passed_time":1.129201394,"remaining_time":4.602785378},
{"learn":[16940.83786],"iteration":197,"passed_time":1.133912513,"remaining_time":4.592918362},
{"learn":[16914.50076],"iteration":198,"passed_time":1.138901842,"remaining_time":4.58422299},
{"learn":[16883.31484],"iteration":199,"passed_time":1.143942853,"remaining_time":4.575771412},
{"learn":[16849.60418],"iteration":200,"passed_time":1.151494955,"remaining_time":4.577335668},
{"learn":[16806.04142],"iteration":201,"passed_time":1.156867801,"remaining_time":4.570200522},
{"learn":[16779.46044],"iteration":202,"passed_time":1.162246198,"remaining_time":4.563104531},
{"learn":[16731.89018],"iteration":203,"passed_time":1.167485114,"remaining_time":4.555481132},
{"learn":[16694.47809],"iteration":204,"passed_time":1.173488142,"remaining_time":4.55084426},
{"learn":[16673.3477],"iteration":205,"passed_time":1.179210304,"remaining_time":4.545111562},
{"learn":[16633.35401],"iteration":206,"passed_time":1.186770134,"remaining_time":4.546418917},
{"learn":[16609.60372],"iteration":207,"passed_time":1.191555903,"remaining_time":4.537078246},
{"learn":[16570.01892],"iteration":208,"passed_time":1.194887153,"remaining_time":4.522276259},
{"learn":[16538.76279],"iteration":209,"passed_time":1.200517212,"remaining_time":4.516231417},
{"learn":[16508.30789],"iteration":210,"passed_time":1.204688478,"remaining_time":4.504735589},
{"learn":[16485.06748],"iteration":211,"passed_time":1.209664252,"remaining_time":4.4962992},
{"learn":[16463.9703],"iteration":212,"passed_time":1.21661695,"remaining_time":4.495199718},
{"learn":[16432.00869],"iteration":213,"passed_time":1.222499857,"remaining_time":4.490116298},
{"learn":[16395.70016],"iteration":214,"passed_time":1.22594383,"remaining_time":4.476120495},
{"learn":[16387.28129],"iteration":215,"passed_time":1.231287777,"remaining_time":4.469118598},
{"learn":[16364.3032],"iteration":216,"passed_time":1.237301194,"remaining_time":4.464547627},
{"learn":[16334.29856],"iteration":217,"passed_time":1.242701613,"remaining_time":4.457764503},
{"learn":[16316.84959],"iteration":218,"passed_time":1.249516785,"remaining_time":4.456039311},
{"learn":[16285.83913],"iteration":219,"passed_time":1.255342885,"remaining_time":4.450761137},
{"learn":[16263.14256],"iteration":220,"passed_time":1.261139405,"remaining_time":4.445373741},
{"learn":[16227.46051],"iteration":221,"passed_time":1.267103002,"remaining_time":4.440568178},
{"learn":[16195.38815],"iteration":222,"passed_time":1.272450824,"remaining_time":4.433606684},
{"learn":[16180.04025],"iteration":223,"passed_time":1.279750339,"remaining_time":4.433420816},
{"learn":[16162.3944],"iteration":224,"passed_time":1.286156867,"remaining_time":4.430095875},
{"learn":[16126.66029],"iteration":225,"passed_time":1.290905967,"remaining_time":4.42106734},
{"learn":[16104.16223],"iteration":226,"passed_time":1.295462349,"remaining_time":4.411420246},
{"learn":[16059.348],"iteration":227,"passed_time":1.299113872,"remaining_time":4.398753987},
{"learn":[16027.28467],"iteration":228,"passed_time":1.303769509,"remaining_time":4.389547123},
{"learn":[15989.64631],"iteration":229,"passed_time":1.309559309,"remaining_time":4.384176817},
{"learn":[15970.08546],"iteration":230,"passed_time":1.315506504,"remaining_time":4.379326848},
{"learn":[15962.31271],"iteration":231,"passed_time":1.321479394,"remaining_time":4.374552476},
{"learn":[15911.6629],"iteration":232,"passed_time":1.326913796,"remaining_time":4.367995201},
{"learn":[15878.77914],"iteration":233,"passed_time":1.331230589,"remaining_time":4.357789024},
{"learn":[15834.13248],"iteration":234,"passed_time":1.335585413,"remaining_time":4.34775677},
{"learn":[15805.82033],"iteration":235,"passed_time":1.341584171,"remaining_time":4.34309452},
{"learn":[15791.51597],"iteration":236,"passed_time":1.344792326,"remaining_time":4.329436898},
{"learn":[15770.53359],"iteration":237,"passed_time":1.349682087,"remaining_time":4.32125105},
{"learn":[15743.50941],"iteration":238,"passed_time":1.355007169,"remaining_time":4.314478894},
{"learn":[15705.96797],"iteration":239,"passed_time":1.359465754,"remaining_time":4.304974886},
{"learn":[15674.2788],"iteration":240,"passed_time":1.364098907,"remaining_time":4.296062532},
{"learn":[15649.81352],"iteration":241,"passed_time":1.369153875,"remaining_time":4.288506767},
{"learn":[15620.20005],"iteration":242,"passed_time":1.375253763,"remaining_time":4.284226743},
{"learn":[15597.38112],"iteration":243,"passed_time":1.38080695,"remaining_time":4.278237926},
{"learn":[15561.87368],"iteration":244,"passed_time":1.38696478,"remaining_time":4.274115953},
{"learn":[15529.11309],"iteration":245,"passed_time":1.392457341,"remaining_time":4.267938354},
{"learn":[15505.32127],"iteration":246,"passed_time":1.396629766,"remaining_time":4.257741755},
{"learn":[15466.2026],"iteration":247,"passed_time":1.402244135,"remaining_time":4.251966086},
{"learn":[15430.66008],"iteration":248,"passed_time":1.409339832,"remaining_time":4.250659493},
{"learn":[15396.86725],"iteration":249,"passed_time":1.41539109,"remaining_time":4.24617327},
{"learn":[15365.94757],"iteration":250,"passed_time":1.42118001,"remaining_time":4.240891743},
{"learn":[15333.95039],"iteration":251,"passed_time":1.425864909,"remaining_time":4.232329174},
{"learn":[15313.42528],"iteration":252,"passed_time":1.431859776,"remaining_time":4.227665031},
{"learn":[15275.52755],"iteration":253,"passed_time":1.438952062,"remaining_time":4.226213537},
{"learn":[15245.53702],"iteration":254,"passed_time":1.443657962,"remaining_time":4.21774581},
{"learn":[15208.30993],"iteration":255,"passed_time":1.449685115,"remaining_time":4.213147366},
{"learn":[15183.47715],"iteration":256,"passed_time":1.454682734,"remaining_time":4.205561369},
{"learn":[15146.65988],"iteration":257,"passed_time":1.459015121,"remaining_time":4.196082246},
{"learn":[15117.06165],"iteration":258,"passed_time":1.463230766,"remaining_time":4.186308871},
{"learn":[15096.42611],"iteration":259,"passed_time":1.468973536,"remaining_time":4.180924678},
{"learn":[15065.28243],"iteration":260,"passed_time":1.473924614,"remaining_time":4.173296128},
{"learn":[15044.85197],"iteration":261,"passed_time":1.47874903,"remaining_time":4.165331238},
{"learn":[14998.27116],"iteration":262,"passed_time":1.484657373,"remaining_time":4.160427695},
{"learn":[14970.56567],"iteration":263,"passed_time":1.48899209,"remaining_time":4.151129462},
{"learn":[14948.65252],"iteration":264,"passed_time":1.493960398,"remaining_time":4.14362601},
{"learn":[14925.48192],"iteration":265,"passed_time":1.499736021,"remaining_time":4.138369322},
{"learn":[14888.13897],"iteration":266,"passed_time":1.504792313,"remaining_time":4.131133954},
{"learn":[14865.58061],"iteration":267,"passed_time":1.509428886,"remaining_time":4.12276845},
{"learn":[14842.34912],"iteration":268,"passed_time":1.515278847,"remaining_time":4.117728019},
{"learn":[14812.01518],"iteration":269,"passed_time":1.520076489,"remaining_time":4.109836434},
{"learn":[14777.01491],"iteration":270,"passed_time":1.525526746,"remaining_time":4.103723238},
{"learn":[14747.83174],"iteration":271,"passed_time":1.534317357,"remaining_time":4.10655528},
{"learn":[14724.38553],"iteration":272,"passed_time":1.539069697,"remaining_time":4.098548241},
{"learn":[14698.76873],"iteration":273,"passed_time":1.544420587,"remaining_time":4.092150897},
{"learn":[14675.12557],"iteration":274,"passed_time":1.550270401,"remaining_time":4.087076511},
{"learn":[14658.21358],"iteration":275,"passed_time":1.55594626,"remaining_time":4.081540188},
{"learn":[14620.17709],"iteration":276,"passed_time":1.559598734,"remaining_time":4.070721606},
{"learn":[14597.03242],"iteration":277,"passed_time":1.567814753,"remaining_time":4.07180666},
{"learn":[14574.94196],"iteration":278,"passed_time":1.573786812,"remaining_time":4.067026133},
{"learn":[14543.11991],"iteration":279,"passed_time":1.580457252,"remaining_time":4.064032933},
{"learn":[14511.30202],"iteration":280,"passed_time":1.586714811,"remaining_time":4.059957114},
{"learn":[14487.02172],"iteration":281,"passed_time":1.593094125,"remaining_time":4.056175822},
{"learn":[14462.2846],"iteration":282,"passed_time":1.602209159,"remaining_time":4.059307304},
{"learn":[14440.66831],"iteration":283,"passed_time":1.607787826,"remaining_time":4.053436913},
{"learn":[14409.94245],"iteration":284,"passed_time":1.615435748,"remaining_time":4.052759859},
{"learn":[14391.02085],"iteration":285,"passed_time":1.620547561,"remaining_time":4.045702652},
{"learn":[14351.38061],"iteration":286,"passed_time":1.627144841,"remaining_time":4.04234938},
{"learn":[14317.03976],"iteration":287,"passed_time":1.631962513,"remaining_time":4.034573991},
{"learn":[14289.89066],"iteration":288,"passed_time":1.638217131,"remaining_time":4.030354257},
{"learn":[14262.11604],"iteration":289,"passed_time":1.644298755,"remaining_time":4.025696951},
{"learn":[14223.56713],"iteration":290,"passed_time":1.650514733,"remaining_time":4.021357202},
{"learn":[14203.6997],"iteration":291,"passed_time":1.656379997,"remaining_time":4.016154238},
{"learn":[14176.5923],"iteration":292,"passed_time":1.664610852,"remaining_time":4.016654854},
{"learn":[14157.09416],"iteration":293,"passed_time":1.670003538,"remaining_time":4.010280605},
{"learn":[14124.63734],"iteration":294,"passed_time":1.675543972,"remaining_time":4.004266104},
{"learn":[14106.74791],"iteration":295,"passed_time":1.681608984,"remaining_time":3.999502448},
{"learn":[14081.18427],"iteration":296,"passed_time":1.686998589,"remaining_time":3.993131341},
{"learn":[14063.92485],"iteration":297,"passed_time":1.694398955,"remaining_time":3.991503579},
{"learn":[14033.77697],"iteration":298,"passed_time":1.699824125,"remaining_time":3.985206392},
{"learn":[14005.19725],"iteration":299,"passed_time":1.705166959,"remaining_time":3.978722903},
{"learn":[13968.90477],"iteration":300,"passed_time":1.710585154,"remaining_time":3.972422002},
{"learn":[13938.20271],"iteration":301,"passed_time":1.715838911,"remaining_time":3.965746888},
{"learn":[13910.39989],"iteration":302,"passed_time":1.722936178,"remaining_time":3.963321836},
{"learn":[13898.41175],"iteration":303,"passed_time":1.728648123,"remaining_time":3.957694388},
{"learn":[13872.95159],"iteration":304,"passed_time":1.732529656,"remaining_time":3.947895446},
{"learn":[13859.68488],"iteration":305,"passed_time":1.738170602,"remaining_time":3.942125482},
{"learn":[13833.89587],"iteration":306,"passed_time":1.744731504,"remaining_time":3.938433004},
{"learn":[13814.92516],"iteration":307,"passed_time":1.751302242,"remaining_time":3.934743999},
{"learn":[13785.67221],"iteration":308,"passed_time":1.757694974,"remaining_time":3.930638274},
{"learn":[13765.42217],"iteration":309,"passed_time":1.763521257,"remaining_time":3.925256992},
{"learn":[13739.49319],"iteration":310,"passed_time":1.769693465,"remaining_time":3.920639221},
{"learn":[13716.13312],"iteration":311,"passed_time":1.774405911,"remaining_time":3.912792523},
{"learn":[13695.06274],"iteration":312,"passed_time":1.780110625,"remaining_time":3.907143769},
{"learn":[13658.64835],"iteration":313,"passed_time":1.7896087,"remaining_time":3.909782065},
{"learn":[13637.55701],"iteration":314,"passed_time":1.794631023,"remaining_time":3.902610319},
{"learn":[13612.70276],"iteration":315,"passed_time":1.800430994,"remaining_time":3.897135442},
{"learn":[13595.34369],"iteration":316,"passed_time":1.80605571,"remaining_time":3.891280915},
{"learn":[13575.71199],"iteration":317,"passed_time":1.811269871,"remaining_time":3.884547333},
{"learn":[13554.42141],"iteration":318,"passed_time":1.81888687,"remaining_time":3.882952847},
{"learn":[13523.075],"iteration":319,"passed_time":1.823688723,"remaining_time":3.875338536},
{"learn":[13494.4631],"iteration":320,"passed_time":1.828126267,"remaining_time":3.866971138},
{"learn":[13465.89241],"iteration":321,"passed_time":1.833806306,"remaining_time":3.861244334},
{"learn":[13439.31506],"iteration":322,"passed_time":1.839584892,"remaining_time":3.855724371},
{"learn":[13407.15755],"iteration":323,"passed_time":1.844465931,"remaining_time":3.848330153},
{"learn":[13384.11751],"iteration":324,"passed_time":1.852699369,"remaining_time":3.847914074},
{"learn":[13361.49909],"iteration":325,"passed_time":1.857461296,"remaining_time":3.840272741},
{"learn":[13332.23834],"iteration":326,"passed_time":1.86209582,"remaining_time":3.83238681},
{"learn":[13302.24214],"iteration":327,"passed_time":1.868785292,"remaining_time":3.828730843},
{"learn":[13281.16093],"iteration":328,"passed_time":1.874415035,"remaining_time":3.822895102},
{"learn":[13255.94055],"iteration":329,"passed_time":1.882274955,"remaining_time":3.821588545},
{"learn":[13235.30492],"iteration":330,"passed_time":1.887583572,"remaining_time":3.81508583},
{"learn":[13211.86917],"iteration":331,"passed_time":1.892052951,"remaining_time":3.806901721},
{"learn":[13188.4987],"iteration":332,"passed_time":1.897686135,"remaining_time":3.801071026},
{"learn":[13174.25008],"iteration":333,"passed_time":1.902149173,"remaining_time":3.792908231},
{"learn":[13152.23081],"iteration":334,"passed_time":1.907478251,"remaining_time":3.786486677},
{"learn":[13122.48702],"iteration":335,"passed_time":1.916049735,"remaining_time":3.786479239},
{"learn":[13100.59735],"iteration":336,"passed_time":1.921674331,"remaining_time":3.780623388},
{"learn":[13076.79267],"iteration":337,"passed_time":1.926407719,"remaining_time":3.773023403},
{"learn":[13064.763],"iteration":338,"passed_time":1.932063815,"remaining_time":3.767239473},
{"learn":[13033.74626],"iteration":339,"passed_time":1.938609709,"remaining_time":3.763183553},
{"learn":[13012.14554],"iteration":340,"passed_time":1.947173762,"remaining_time":3.763013224},
{"learn":[12993.57363],"iteration":341,"passed_time":1.953581361,"remaining_time":3.758644841},
{"learn":[12974.91038],"iteration":342,"passed_time":1.957988569,"remaining_time":3.750432915},
{"learn":[12958.86195],"iteration":343,"passed_time":1.963373823,"remaining_time":3.74410822},
{"learn":[12931.9386],"iteration":344,"passed_time":1.969246685,"remaining_time":3.738714721},
{"learn":[12911.10251],"iteration":345,"passed_time":1.972695025,"remaining_time":3.728735683},
{"learn":[12891.98183],"iteration":346,"passed_time":1.97921386,"remaining_time":3.724572479},
{"learn":[12865.15333],"iteration":347,"passed_time":1.98430568,"remaining_time":3.717722136},
{"learn":[12850.08158],"iteration":348,"passed_time":1.988481334,"remaining_time":3.709172918},
{"learn":[12831.58475],"iteration":349,"passed_time":1.993388732,"remaining_time":3.702007645},
{"learn":[12799.0465],"iteration":350,"passed_time":1.998863841,"remaining_time":3.695904937},
{"learn":[12772.92339],"iteration":351,"passed_time":2.005238874,"remaining_time":3.691462472},
{"learn":[12762.44187],"iteration":352,"passed_time":2.01136954,"remaining_time":3.686561168},
{"learn":[12741.38102],"iteration":353,"passed_time":2.017529151,"remaining_time":3.681705738},
{"learn":[12730.51507],"iteration":354,"passed_time":2.022534422,"remaining_time":3.674745639},
{"learn":[12713.06874],"iteration":355,"passed_time":2.027067343,"remaining_time":3.666942048},
{"learn":[12690.21756],"iteration":356,"passed_time":2.032247483,"remaining_time":3.660322497},
{"learn":[12667.88057],"iteration":357,"passed_time":2.038818127,"remaining_time":3.656204573},
{"learn":[12641.01446],"iteration":358,"passed_time":2.046070236,"remaining_time":3.653289753},
{"learn":[12619.02272],"iteration":359,"passed_time":2.052075525,"remaining_time":3.648134267},
{"learn":[12600.72912],"iteration":360,"passed_time":2.056947689,"remaining_time":3.640968347},
{"learn":[12570.11433],"iteration":361,"passed_time":2.062045046,"remaining_time":3.634211987},
{"learn":[12547.48596],"iteration":362,"passed_time":2.066231705,"remaining_time":3.625866655},
{"learn":[12535.68392],"iteration":363,"passed_time":2.07172187,"remaining_time":3.619821729},
{"learn":[12525.7778],"iteration":364,"passed_time":2.077542933,"remaining_time":3.614355514},
{"learn":[12505.10885],"iteration":365,"passed_time":2.082644942,"remaining_time":3.607641785},
{"learn":[12481.2355],"iteration":366,"passed_time":2.08783431,"remaining_time":3.601087515},
{"learn":[12456.1635],"iteration":367,"passed_time":2.092532581,"remaining_time":3.593697259},
{"learn":[12434.27895],"iteration":368,"passed_time":2.097396253,"remaining_time":3.586604433},
{"learn":[12411.87936],"iteration":369,"passed_time":2.103225996,"remaining_time":3.581168588},
{"learn":[12374.79001],"iteration":370,"passed_time":2.108597981,"remaining_time":3.574954529},
{"learn":[12358.06377],"iteration":371,"passed_time":2.1140107,"remaining_time":3.568813762},
{"learn":[12339.11585],"iteration":372,"passed_time":2.119405797,"remaining_time":3.562647278},
{"learn":[12312.25144],"iteration":373,"passed_time":2.12474261,"remaining_time":3.556387363},
{"learn":[12280.893],"iteration":374,"passed_time":2.128334931,"remaining_time":3.547224885},
{"learn":[12257.85222],"iteration":375,"passed_time":2.13529179,"remaining_time":3.543675736},
{"learn":[12241.49262],"iteration":376,"passed_time":2.141171487,"remaining_time":3.538328479},
{"learn":[12218.08435],"iteration":377,"passed_time":2.146999448,"remaining_time":3.532893271},
{"learn":[12195.38499],"iteration":378,"passed_time":2.151419869,"remaining_time":3.525149707},
{"learn":[12164.15602],"iteration":379,"passed_time":2.156373879,"remaining_time":3.518294223},
{"learn":[12149.06802],"iteration":380,"passed_time":2.161063125,"remaining_time":3.511018569},
{"learn":[12125.68779],"iteration":381,"passed_time":2.167652085,"remaining_time":3.506829813},
{"learn":[12111.3958],"iteration":382,"passed_time":2.174394307,"remaining_time":3.502875424},
{"learn":[12089.42699],"iteration":383,"passed_time":2.181409592,"remaining_time":3.499344553},
{"learn":[12080.86278],"iteration":384,"passed_time":2.186839063,"remaining_time":3.493262399},
{"learn":[12067.94519],"iteration":385,"passed_time":2.190749896,"remaining_time":3.484767969},
{"learn":[12042.66209],"iteration":386,"passed_time":2.197452664,"remaining_time":3.480719594},
{"learn":[12027.37202],"iteration":387,"passed_time":2.202078068,"remaining_time":3.47338087},
{"learn":[12009.99224],"iteration":388,"passed_time":2.207202161,"remaining_time":3.466839384},
{"learn":[11985.36464],"iteration":389,"passed_time":2.213020898,"remaining_time":3.461391661},
{"learn":[11966.63619],"iteration":390,"passed_time":2.217283321,"remaining_time":3.453518011},
{"learn":[11948.63326],"iteration":391,"passed_time":2.222535004,"remaining_time":3.447197148},
{"learn":[11931.35182],"iteration":392,"passed_time":2.22921231,"remaining_time":3.443083644},
{"learn":[11906.88919],"iteration":393,"passed_time":2.233627166,"remaining_time":3.435477317},
{"learn":[11879.6632],"iteration":394,"passed_time":2.238160056,"remaining_time":3.428067934},
{"learn":[11859.18893],"iteration":395,"passed_time":2.243554973,"remaining_time":3.421987889},
{"learn":[11839.86078],"iteration":396,"passed_time":2.248394892,"remaining_time":3.415068312},
{"learn":[11824.78333],"iteration":397,"passed_time":2.253097538,"remaining_time":3.407951553},
{"learn":[11803.87733],"iteration":398,"passed_time":2.257524427,"remaining_time":3.40043153},
{"learn":[11780.94831],"iteration":399,"passed_time":2.263503762,"remaining_time":3.395255643},
{"learn":[11765.4868],"iteration":400,"passed_time":2.268318859,"remaining_time":3.38833665},
{"learn":[11746.6921],"iteration":401,"passed_time":2.273859886,"remaining_time":3.38250799},
{"learn":[11734.11602],"iteration":402,"passed_time":2.279253391,"remaining_time":3.376462219},
{"learn":[11717.59767],"iteration":403,"passed_time":2.283443629,"remaining_time":3.368644562},
{"learn":[11695.09513],"iteration":404,"passed_time":2.288597197,"remaining_time":3.36226008},
{"learn":[11675.93982],"iteration":405,"passed_time":2.295838857,"remaining_time":3.358936653},
{"learn":[11664.94075],"iteration":406,"passed_time":2.301358714,"remaining_time":3.353085301},
{"learn":[11646.34327],"iteration":407,"passed_time":2.307529983,"remaining_time":3.348180759},
{"learn":[11626.32241],"iteration":408,"passed_time":2.312778324,"remaining_time":3.341936405},
{"learn":[11597.62125],"iteration":409,"passed_time":2.317379844,"remaining_time":3.334766117},
{"learn":[11590.52272],"iteration":410,"passed_time":2.324267828,"remaining_time":3.330885039},
{"learn":[11578.57297],"iteration":411,"passed_time":2.3309376,"remaining_time":3.326677934},
{"learn":[11563.88589],"iteration":412,"passed_time":2.336545831,"remaining_time":3.320950128},
{"learn":[11553.53331],"iteration":413,"passed_time":2.343462081,"remaining_time":3.317074346},
{"learn":[11530.96367],"iteration":414,"passed_time":2.350226784,"remaining_time":3.312970286},
{"learn":[11514.11035],"iteration":415,"passed_time":2.356835128,"remaining_time":3.308633929},
{"learn":[11501.86208],"iteration":416,"passed_time":2.361209329,"remaining_time":3.301163162},
{"learn":[11483.26878],"iteration":417,"passed_time":2.366034145,"remaining_time":3.294334622},
{"learn":[11468.28172],"iteration":418,"passed_time":2.37075574,"remaining_time":3.287372517},
{"learn":[11447.86283],"iteration":419,"passed_time":2.376842342,"remaining_time":3.282306092},
{"learn":[11429.85187],"iteration":420,"passed_time":2.38164821,"remaining_time":3.275473429},
{"learn":[11410.60726],"iteration":421,"passed_time":2.388457753,"remaining_time":3.271394742},
{"learn":[11383.87029],"iteration":422,"passed_time":2.392616816,"remaining_time":3.263687713},
{"learn":[11358.51134],"iteration":423,"passed_time":2.397262745,"remaining_time":3.256658824},
{"learn":[11343.37294],"iteration":424,"passed_time":2.401036119,"remaining_time":3.248460632},
{"learn":[11335.73083],"iteration":425,"passed_time":2.406415092,"remaining_time":3.242446626},
{"learn":[11316.86265],"iteration":426,"passed_time":2.411931911,"remaining_time":3.236620573},
{"learn":[11294.71934],"iteration":427,"passed_time":2.416407825,"remaining_time":3.229404851},
{"learn":[11271.86706],"iteration":428,"passed_time":2.424539496,"remaining_time":3.227067721},
{"learn":[11248.23513],"iteration":429,"passed_time":2.430027425,"remaining_time":3.221199144},
{"learn":[11236.72901],"iteration":430,"passed_time":2.434163556,"remaining_time":3.213547711},
{"learn":[11222.78703],"iteration":431,"passed_time":2.439637275,"remaining_time":3.207671232},
{"learn":[11207.28918],"iteration":432,"passed_time":2.445054711,"remaining_time":3.201722913},
{"learn":[11185.18798],"iteration":433,"passed_time":2.451934791,"remaining_time":3.197684543},
{"learn":[11168.95166],"iteration":434,"passed_time":2.457398481,"remaining_time":3.19179343},
{"learn":[11158.82638],"iteration":435,"passed_time":2.461456601,"remaining_time":3.184086062},
{"learn":[11141.99457],"iteration":436,"passed_time":2.465618561,"remaining_time":3.176529176},
{"learn":[11130.31291],"iteration":437,"passed_time":2.470024227,"remaining_time":3.169300492},
{"learn":[11106.1764],"iteration":438,"passed_time":2.475832283,"remaining_time":3.16387679},
{"learn":[11080.69058],"iteration":439,"passed_time":2.483050794,"remaining_time":3.160246465},
{"learn":[11058.8064],"iteration":440,"passed_time":2.488163379,"remaining_time":3.153930452},
{"learn":[11039.32514],"iteration":441,"passed_time":2.492613174,"remaining_time":3.146783147},
{"learn":[11029.77444],"iteration":442,"passed_time":2.49728687,"remaining_time":3.139929541},
{"learn":[11013.81336],"iteration":443,"passed_time":2.501644633,"remaining_time":3.132690126},
{"learn":[10997.59293],"iteration":444,"passed_time":2.5074752,"remaining_time":3.12730053},
{"learn":[10982.58265],"iteration":445,"passed_time":2.513145005,"remaining_time":3.121709266},
{"learn":[10969.67364],"iteration":446,"passed_time":2.518007817,"remaining_time":3.11511929},
{"learn":[10957.48441],"iteration":447,"passed_time":2.523016307,"remaining_time":3.108716521},
{"learn":[10951.0328],"iteration":448,"passed_time":2.528999102,"remaining_time":3.103515602},
{"learn":[10930.14289],"iteration":449,"passed_time":2.534798172,"remaining_time":3.098086655},
{"learn":[10916.19757],"iteration":450,"passed_time":2.542814164,"remaining_time":3.095354713},
{"learn":[10901.18049],"iteration":451,"passed_time":2.550495133,"remaining_time":3.092193214},
{"learn":[10880.89822],"iteration":452,"passed_time":2.556805236,"remaining_time":3.087356432},
{"learn":[10868.62699],"iteration":453,"passed_time":2.564129477,"remaining_time":3.083732808},
{"learn":[10852.07703],"iteration":454,"passed_time":2.570354143,"remaining_time":3.078775842},
{"learn":[10839.91008],"iteration":455,"passed_time":2.577197576,"remaining_time":3.074551494},
{"learn":[10826.20702],"iteration":456,"passed_time":2.583556298,"remaining_time":3.069739759},
{"learn":[10800.82754],"iteration":457,"passed_time":2.5876487,"remaining_time":3.062239291},
{"learn":[10784.11713],"iteration":458,"passed_time":2.592206449,"remaining_time":3.055302155},
{"learn":[10764.42949],"iteration":459,"passed_time":2.596589144,"remaining_time":3.048169865},
{"learn":[10752.03633],"iteration":460,"passed_time":2.601128232,"remaining_time":3.041232357},
{"learn":[10745.74397],"iteration":461,"passed_time":2.607426657,"remaining_time":3.036353986},
{"learn":[10725.25922],"iteration":462,"passed_time":2.612426766,"remaining_time":3.029963657},
{"learn":[10717.00265],"iteration":463,"passed_time":2.61691863,"remaining_time":3.02299221},
{"learn":[10700.262],"iteration":464,"passed_time":2.621202939,"remaining_time":3.015792629},
{"learn":[10691.2106],"iteration":465,"passed_time":2.627293711,"remaining_time":3.010675626},
{"learn":[10677.47993],"iteration":466,"passed_time":2.632194018,"remaining_time":3.004195742},
{"learn":[10657.50621],"iteration":467,"passed_time":2.639046968,"remaining_time":2.99994228},
{"learn":[10653.35293],"iteration":468,"passed_time":2.644900461,"remaining_time":2.994546151},
{"learn":[10638.24683],"iteration":469,"passed_time":2.649396451,"remaining_time":2.987617275},
{"learn":[10622.48303],"iteration":470,"passed_time":2.653633872,"remaining_time":2.980408319},
{"learn":[10616.14807],"iteration":471,"passed_time":2.657984245,"remaining_time":2.973338308},
{"learn":[10613.22091],"iteration":472,"passed_time":2.662528095,"remaining_time":2.966495362},
{"learn":[10600.74221],"iteration":473,"passed_time":2.667017305,"remaining_time":2.959601482},
{"learn":[10581.66154],"iteration":474,"passed_time":2.674470254,"remaining_time":2.955993439},
{"learn":[10559.0417],"iteration":475,"passed_time":2.680217332,"remaining_time":2.950491349},
{"learn":[10543.91737],"iteration":476,"passed_time":2.68550941,"remaining_time":2.944489353},
{"learn":[10526.89719],"iteration":477,"passed_time":2.689506398,"remaining_time":2.937076024},
{"learn":[10520.30403],"iteration":478,"passed_time":2.694543712,"remaining_time":2.930808506},
{"learn":[10504.26413],"iteration":479,"passed_time":2.699558993,"remaining_time":2.924522242},
{"learn":[10493.65014],"iteration":480,"passed_time":2.706045596,"remaining_time":2.919828823},
{"learn":[10481.16549],"iteration":481,"passed_time":2.711182446,"remaining_time":2.9136774},
{"learn":[10466.11063],"iteration":482,"passed_time":2.717156026,"remaining_time":2.908425808},
{"learn":[10450.16026],"iteration":483,"passed_time":2.723545446,"remaining_time":2.903614566},
{"learn":[10428.41553],"iteration":484,"passed_time":2.731214894,"remaining_time":2.900156022},
{"learn":[10415.94795],"iteration":485,"passed_time":2.737458366,"remaining_time":2.895172016},
{"learn":[10408.03494],"iteration":486,"passed_time":2.74212646,"remaining_time":2.888523355},
{"learn":[10387.27716],"iteration":487,"passed_time":2.746468765,"remaining_time":2.881541},
{"learn":[10374.5198],"iteration":488,"passed_time":2.752181754,"remaining_time":2.876001792},
{"learn":[10355.2669],"iteration":489,"passed_time":2.756761873,"remaining_time":2.869282766},
{"learn":[10335.21569],"iteration":490,"passed_time":2.761182866,"remaining_time":2.862407492},
{"learn":[10326.42605],"iteration":491,"passed_time":2.768062011,"remaining_time":2.858080287},
{"learn":[10314.76736],"iteration":492,"passed_time":2.773670556,"remaining_time":2.852436049},
{"learn":[10296.71531],"iteration":493,"passed_time":2.778682423,"remaining_time":2.846180782},
{"learn":[10280.45162],"iteration":494,"passed_time":2.784244388,"remaining_time":2.84049175},
{"learn":[10258.16319],"iteration":495,"passed_time":2.789705683,"remaining_time":2.834700936},
{"learn":[10244.22056],"iteration":496,"passed_time":2.794578205,"remaining_time":2.828315567},
{"learn":[10233.32007],"iteration":497,"passed_time":2.802686172,"remaining_time":2.825197708},
{"learn":[10212.02486],"iteration":498,"passed_time":2.809845806,"remaining_time":2.821107713},
{"learn":[10195.46298],"iteration":499,"passed_time":2.81515599,"remaining_time":2.81515599},
{"learn":[10188.1081],"iteration":500,"passed_time":2.820163998,"remaining_time":2.808905859},
{"learn":[10173.49142],"iteration":501,"passed_time":2.824945912,"remaining_time":2.802436383},
{"learn":[10153.45895],"iteration":502,"passed_time":2.831516881,"remaining_time":2.797741331},
{"learn":[10140.54332],"iteration":503,"passed_time":2.837698735,"remaining_time":2.792655898},
{"learn":[10123.57956],"iteration":504,"passed_time":2.843051915,"remaining_time":2.786753857},
{"learn":[10103.41372],"iteration":505,"passed_time":2.848244231,"remaining_time":2.780696937},
{"learn":[10084.99191],"iteration":506,"passed_time":2.852598741,"remaining_time":2.773828756},
{"learn":[10076.19941],"iteration":507,"passed_time":2.85595169,"remaining_time":2.766000455},
{"learn":[10065.37028],"iteration":508,"passed_time":2.861767858,"remaining_time":2.760565851},
{"learn":[10057.51995],"iteration":509,"passed_time":2.867769383,"remaining_time":2.755307839},
{"learn":[10042.00447],"iteration":510,"passed_time":2.872947547,"remaining_time":2.749259003},
{"learn":[10034.21196],"iteration":511,"passed_time":2.878570949,"remaining_time":2.743637936},
{"learn":[10017.00591],"iteration":512,"passed_time":2.883770141,"remaining_time":2.73761415},
{"learn":[10005.62439],"iteration":513,"passed_time":2.888030561,"remaining_time":2.730705939},
{"learn":[9991.246734],"iteration":514,"passed_time":2.894316634,"remaining_time":2.725715665},
{"learn":[9973.51568],"iteration":515,"passed_time":2.898972016,"remaining_time":2.719190806},
{"learn":[9958.424191],"iteration":516,"passed_time":2.904226237,"remaining_time":2.713232636},
{"learn":[9943.507156],"iteration":517,"passed_time":2.910015964,"remaining_time":2.707775472},
{"learn":[9929.825969],"iteration":518,"passed_time":2.915153179,"remaining_time":2.701712291},
{"learn":[9916.294784],"iteration":519,"passed_time":2.920812233,"remaining_time":2.696134369},
{"learn":[9910.490955],"iteration":520,"passed_time":2.930033865,"remaining_time":2.693831519},
{"learn":[9898.316223],"iteration":521,"passed_time":2.937034008,"remaining_time":2.689467923},
{"learn":[9885.3242],"iteration":522,"passed_time":2.94273731,"remaining_time":2.683911466},
{"learn":[9872.653666],"iteration":523,"passed_time":2.947377686,"remaining_time":2.67738889},
{"learn":[9855.391035],"iteration":524,"passed_time":2.952297117,"remaining_time":2.671125963},
{"learn":[9847.802378],"iteration":525,"passed_time":2.958387458,"remaining_time":2.665923298},
{"learn":[9834.001423],"iteration":526,"passed_time":2.965331087,"remaining_time":2.66148312},
{"learn":[9820.0661],"iteration":527,"passed_time":2.971423795,"remaining_time":2.656272786},
{"learn":[9808.20559],"iteration":528,"passed_time":2.97601706,"remaining_time":2.649724074},
{"learn":[9789.773907],"iteration":529,"passed_time":2.980861379,"remaining_time":2.643405373},
{"learn":[9769.430944],"iteration":530,"passed_time":2.98534082,"remaining_time":2.636769952},
{"learn":[9753.742137],"iteration":531,"passed_time":2.991734522,"remaining_time":2.631826609},
{"learn":[9737.725871],"iteration":532,"passed_time":2.9957469,"remaining_time":2.624791374},
{"learn":[9722.029921],"iteration":533,"passed_time":3.000443746,"remaining_time":2.618364767},
{"learn":[9706.124014],"iteration":534,"passed_time":3.006042784,"remaining_time":2.612728775},
{"learn":[9704.155311],"iteration":535,"passed_time":3.010886437,"remaining_time":2.606439005},
{"learn":[9684.540816],"iteration":536,"passed_time":3.015905737,"remaining_time":2.600306064},
{"learn":[9661.209232],"iteration":537,"passed_time":3.023531424,"remaining_time":2.596415461},
{"learn":[9648.971814],"iteration":538,"passed_time":3.029018486,"remaining_time":2.590681859},
{"learn":[9637.673114],"iteration":539,"passed_time":3.033132509,"remaining_time":2.583779544},
{"learn":[9621.50366],"iteration":540,"passed_time":3.039716263,"remaining_time":2.57898293},
{"learn":[9607.869176],"iteration":541,"passed_time":3.043972762,"remaining_time":2.572213146},
{"learn":[9592.947175],"iteration":542,"passed_time":3.048616825,"remaining_time":2.565778801},
{"learn":[9577.716416],"iteration":543,"passed_time":3.056555587,"remaining_time":2.562112772},
{"learn":[9559.848697],"iteration":544,"passed_time":3.060944894,"remaining_time":2.555467755},
{"learn":[9543.240776],"iteration":545,"passed_time":3.065930303,"remaining_time":2.549326662},
{"learn":[9537.842432],"iteration":546,"passed_time":3.071667169,"remaining_time":2.543812116},
{"learn":[9521.563083],"iteration":547,"passed_time":3.076905452,"remaining_time":2.537885519},
{"learn":[9513.39531],"iteration":548,"passed_time":3.080686006,"remaining_time":2.530763914},
{"learn":[9498.083278],"iteration":549,"passed_time":3.08707607,"remaining_time":2.525789512},
{"learn":[9489.705764],"iteration":550,"passed_time":3.092671066,"remaining_time":2.520162084},
{"learn":[9475.733937],"iteration":551,"passed_time":3.09866719,"remaining_time":2.514860328},
{"learn":[9465.503753],"iteration":552,"passed_time":3.10492548,"remaining_time":2.509767974},
{"learn":[9452.100663],"iteration":553,"passed_time":3.109509374,"remaining_time":2.503323431},
{"learn":[9437.654752],"iteration":554,"passed_time":3.117568978,"remaining_time":2.499672424},
{"learn":[9423.849707],"iteration":555,"passed_time":3.123762644,"remaining_time":2.494515493},
{"learn":[9410.6955],"iteration":556,"passed_time":3.128643408,"remaining_time":2.488310646},
{"learn":[9397.502357],"iteration":557,"passed_time":3.134377875,"remaining_time":2.482786776},
{"learn":[9376.361803],"iteration":558,"passed_time":3.139976853,"remaining_time":2.477155263},
{"learn":[9363.429255],"iteration":559,"passed_time":3.14645895,"remaining_time":2.472217746},
{"learn":[9344.13798],"iteration":560,"passed_time":3.152006301,"remaining_time":2.466543255},
{"learn":[9338.791833],"iteration":561,"passed_time":3.157866494,"remaining_time":2.461113033},
{"learn":[9328.81521],"iteration":562,"passed_time":3.163519387,"remaining_time":2.455520376},
{"learn":[9319.30099],"iteration":563,"passed_time":3.169598033,"remaining_time":2.450256635},
{"learn":[9310.338814],"iteration":564,"passed_time":3.174041098,"remaining_time":2.443730757},
{"learn":[9298.673155],"iteration":565,"passed_time":3.181224781,"remaining_time":2.439313701},
{"learn":[9285.673377],"iteration":566,"passed_time":3.185880817,"remaining_time":2.432956603},
{"learn":[9280.98735],"iteration":567,"passed_time":3.190625959,"remaining_time":2.426673265},
{"learn":[9276.70001],"iteration":568,"passed_time":3.195881859,"remaining_time":2.420782216},
{"learn":[9271.131435],"iteration":569,"passed_time":3.20193406,"remaining_time":2.415494115},
{"learn":[9257.033706],"iteration":570,"passed_time":3.207019808,"remaining_time":2.409477229},
{"learn":[9244.287033],"iteration":571,"passed_time":3.213305571,"remaining_time":2.404361511},
{"learn":[9223.529606],"iteration":572,"passed_time":3.218655475,"remaining_time":2.398544307},
{"learn":[9205.290056],"iteration":573,"passed_time":3.222673775,"remaining_time":2.391740467},
{"learn":[9197.041902],"iteration":574,"passed_time":3.226758127,"remaining_time":2.384995137},
{"learn":[9186.093748],"iteration":575,"passed_time":3.232718713,"remaining_time":2.379640164},
{"learn":[9170.244246],"iteration":576,"passed_time":3.238639383,"remaining_time":2.374253829},
{"learn":[9167.269337],"iteration":577,"passed_time":3.244476238,"remaining_time":2.36880445},
{"learn":[9156.698829],"iteration":578,"passed_time":3.24972743,"remaining_time":2.362927889},
{"learn":[9143.109121],"iteration":579,"passed_time":3.253814822,"remaining_time":2.356210733},
{"learn":[9127.540909],"iteration":580,"passed_time":3.259132595,"remaining_time":2.350389944},
{"learn":[9112.992941],"iteration":581,"passed_time":3.262943266,"remaining_time":2.343488463},
{"learn":[9112.095339],"iteration":582,"passed_time":3.26875091,"remaining_time":2.338025951},
{"learn":[9104.001889],"iteration":583,"passed_time":3.275849237,"remaining_time":2.333481649},
{"learn":[9090.823857],"iteration":584,"passed_time":3.281403712,"remaining_time":2.327833403},
{"learn":[9076.128651],"iteration":585,"passed_time":3.285658662,"remaining_time":2.321267382},
{"learn":[9070.434853],"iteration":586,"passed_time":3.291588218,"remaining_time":2.315887451},
{"learn":[9061.426674],"iteration":587,"passed_time":3.295992644,"remaining_time":2.309437023},
{"learn":[9048.62869],"iteration":588,"passed_time":3.302193964,"remaining_time":2.304247401},
{"learn":[9039.312492],"iteration":589,"passed_time":3.310333803,"remaining_time":2.300401456},
{"learn":[9021.228311],"iteration":590,"passed_time":3.316504962,"remaining_time":2.295178561},
{"learn":[9008.132048],"iteration":591,"passed_time":3.322505601,"remaining_time":2.289834941},
{"learn":[8998.992865],"iteration":592,"passed_time":3.32755268,"remaining_time":2.283834639},
{"learn":[8993.097441],"iteration":593,"passed_time":3.332622005,"remaining_time":2.277852751},
{"learn":[8977.135222],"iteration":594,"passed_time":3.339576559,"remaining_time":2.273157153},
{"learn":[8961.604521],"iteration":595,"passed_time":3.344638449,"remaining_time":2.267171029},
{"learn":[8958.306756],"iteration":596,"passed_time":3.348977378,"remaining_time":2.260699972},
{"learn":[8946.874435],"iteration":597,"passed_time":3.353330103,"remaining_time":2.25424532},
{"learn":[8942.88147],"iteration":598,"passed_time":3.359935698,"remaining_time":2.249305868},
{"learn":[8936.052629],"iteration":599,"passed_time":3.364095146,"remaining_time":2.242730097},
{"learn":[8934.175537],"iteration":600,"passed_time":3.370763499,"remaining_time":2.237828014},
{"learn":[8928.299833],"iteration":601,"passed_time":3.375316752,"remaining_time":2.231521706},
{"learn":[8922.497083],"iteration":602,"passed_time":3.379916074,"remaining_time":2.225251545},
{"learn":[8903.893102],"iteration":603,"passed_time":3.385432468,"remaining_time":2.219588174},
{"learn":[8883.624329],"iteration":604,"passed_time":3.390462752,"remaining_time":2.213607912},
{"learn":[8880.892592],"iteration":605,"passed_time":3.394619908,"remaining_time":2.207063108},
{"learn":[8868.024337],"iteration":606,"passed_time":3.400991125,"remaining_time":2.201959657},
{"learn":[8847.69583],"iteration":607,"passed_time":3.406722926,"remaining_time":2.196439781},
{"learn":[8836.629961],"iteration":608,"passed_time":3.410783015,"remaining_time":2.189845909},
{"learn":[8823.93001],"iteration":609,"passed_time":3.415460089,"remaining_time":2.183654811},
{"learn":[8810.905073],"iteration":610,"passed_time":3.420512668,"remaining_time":2.177707738},
{"learn":[8792.977443],"iteration":611,"passed_time":3.425852707,"remaining_time":2.171945834},
{"learn":[8787.92801],"iteration":612,"passed_time":3.432942181,"remaining_time":2.167289762},
{"learn":[8770.923163],"iteration":613,"passed_time":3.44017564,"remaining_time":2.162716282},
{"learn":[8755.288742],"iteration":614,"passed_time":3.444509555,"remaining_time":2.156318989},
{"learn":[8743.973014],"iteration":615,"passed_time":3.449763025,"remaining_time":2.150501626},
{"learn":[8732.088504],"iteration":616,"passed_time":3.454637303,"remaining_time":2.144450708},
{"learn":[8718.185892],"iteration":617,"passed_time":3.459736938,"remaining_time":2.138542897},
{"learn":[8707.691642],"iteration":618,"passed_time":3.466535622,"remaining_time":2.133683477},
{"learn":[8693.632719],"iteration":619,"passed_time":3.472630136,"remaining_time":2.128386212},
{"learn":[8680.173667],"iteration":620,"passed_time":3.477380706,"remaining_time":2.122266164},
{"learn":[8667.872027],"iteration":621,"passed_time":3.482332084,"remaining_time":2.116272553},
{"learn":[8648.903815],"iteration":622,"passed_time":3.488260896,"remaining_time":2.110873768},
{"learn":[8641.827873],"iteration":623,"passed_time":3.495169303,"remaining_time":2.106063554},
{"learn":[8628.368675],"iteration":624,"passed_time":3.503054826,"remaining_time":2.101832895},
{"learn":[8616.458527],"iteration":625,"passed_time":3.509535564,"remaining_time":2.09675128},
{"learn":[8598.797657],"iteration":626,"passed_time":3.514201547,"remaining_time":2.090585609},
{"learn":[8594.658747],"iteration":627,"passed_time":3.518962,"remaining_time":2.084480675},
{"learn":[8589.932215],"iteration":628,"passed_time":3.522870998,"remaining_time":2.077877807},
{"learn":[8567.064797],"iteration":629,"passed_time":3.528068867,"remaining_time":2.072040446},
{"learn":[8547.182749],"iteration":630,"passed_time":3.533626166,"remaining_time":2.066415301},
{"learn":[8540.05882],"iteration":631,"passed_time":3.53893055,"remaining_time":2.060643105},
{"learn":[8525.484847],"iteration":632,"passed_time":3.544746888,"remaining_time":2.055169207},
{"learn":[8510.855922],"iteration":633,"passed_time":3.550400178,"remaining_time":2.049600103},
{"learn":[8495.905537],"iteration":634,"passed_time":3.555848684,"remaining_time":2.043913023},
{"learn":[8484.528725],"iteration":635,"passed_time":3.562560623,"remaining_time":2.03894979},
{"learn":[8472.617943],"iteration":636,"passed_time":3.569949532,"remaining_time":2.034366845},
{"learn":[8468.034693],"iteration":637,"passed_time":3.575382027,"remaining_time":2.028665037},
{"learn":[8448.67458],"iteration":638,"passed_time":3.579959961,"remaining_time":2.022481293},
{"learn":[8434.258548],"iteration":639,"passed_time":3.584278869,"remaining_time":2.016156864},
{"learn":[8430.653349],"iteration":640,"passed_time":3.590305456,"remaining_time":2.010795099},
{"learn":[8421.905568],"iteration":641,"passed_time":3.595893221,"remaining_time":2.005186563},
{"learn":[8409.540012],"iteration":642,"passed_time":3.601568791,"remaining_time":1.99962684},
{"learn":[8392.592005],"iteration":643,"passed_time":3.606721785,"remaining_time":1.993777881},
{"learn":[8375.829258],"iteration":644,"passed_time":3.611063861,"remaining_time":1.98748476},
{"learn":[8371.844037],"iteration":645,"passed_time":3.616531248,"remaining_time":1.981814337},
{"learn":[8365.664797],"iteration":646,"passed_time":3.622514227,"remaining_time":1.976425846},
{"learn":[8354.3939],"iteration":647,"passed_time":3.627456379,"remaining_time":1.970470132},
{"learn":[8338.645127],"iteration":648,"passed_time":3.633309552,"remaining_time":1.965010251},
{"learn":[8333.149397],"iteration":649,"passed_time":3.638163111,"remaining_time":1.959010906},
{"learn":[8323.492133],"iteration":650,"passed_time":3.642862705,"remaining_time":1.952932541},
{"learn":[8309.268934],"iteration":651,"passed_time":3.647015508,"remaining_time":1.94656656},
{"learn":[8300.344476],"iteration":652,"passed_time":3.652964833,"remaining_time":1.941162017},
{"learn":[8290.548914],"iteration":653,"passed_time":3.658788092,"remaining_time":1.935689113},
{"learn":[8286.421404],"iteration":654,"passed_time":3.664481807,"remaining_time":1.930146906},
{"learn":[8271.644664],"iteration":655,"passed_time":3.670916732,"remaining_time":1.92499292},
{"learn":[8260.897108],"iteration":656,"passed_time":3.677269228,"remaining_time":1.919792002},
{"learn":[8245.176031],"iteration":657,"passed_time":3.683320979,"remaining_time":1.914431269},
{"learn":[8237.027246],"iteration":658,"passed_time":3.690833548,"remaining_time":1.90982434},
{"learn":[8228.502876],"iteration":659,"passed_time":3.698585261,"remaining_time":1.905331801},
{"learn":[8216.350344],"iteration":660,"passed_time":3.704581429,"remaining_time":1.899929053},
{"learn":[8204.271085],"iteration":661,"passed_time":3.709023488,"remaining_time":1.893731026},
{"learn":[8193.094271],"iteration":662,"passed_time":3.714209532,"remaining_time":1.887916459},
{"learn":[8190.249028],"iteration":663,"passed_time":3.720944338,"remaining_time":1.882887496},
{"learn":[8181.219944],"iteration":664,"passed_time":3.727762038,"remaining_time":1.877895162},
{"learn":[8173.236023],"iteration":665,"passed_time":3.734972149,"remaining_time":1.873094141},
{"learn":[8165.043303],"iteration":666,"passed_time":3.738950764,"remaining_time":1.86667257},
{"learn":[8146.640247],"iteration":667,"passed_time":3.743750779,"remaining_time":1.860666555},
{"learn":[8137.785471],"iteration":668,"passed_time":3.749627543,"remaining_time":1.855196886},
{"learn":[8135.11559],"iteration":669,"passed_time":3.755250802,"remaining_time":1.849601141},
{"learn":[8127.785677],"iteration":670,"passed_time":3.760322448,"remaining_time":1.843734851},
{"learn":[8113.526447],"iteration":671,"passed_time":3.765898863,"remaining_time":1.838117302},
{"learn":[8111.769321],"iteration":672,"passed_time":3.770441894,"remaining_time":1.83199777},
{"learn":[8104.625878],"iteration":673,"passed_time":3.775697913,"remaining_time":1.826227774},
{"learn":[8095.663722],"iteration":674,"passed_time":3.781882078,"remaining_time":1.820906186},
{"learn":[8092.412824],"iteration":675,"passed_time":3.786015572,"remaining_time":1.81459918},
{"learn":[8091.056163],"iteration":676,"passed_time":3.790737027,"remaining_time":1.808579113},
{"learn":[8089.306348],"iteration":677,"passed_time":3.796116801,"remaining_time":1.802875531},
{"learn":[8080.610889],"iteration":678,"passed_time":3.801377675,"remaining_time":1.797116692},
{"learn":[8074.646377],"iteration":679,"passed_time":3.806018661,"remaining_time":1.791067605},
{"learn":[8070.307],"iteration":680,"passed_time":3.813573566,"remaining_time":1.786387618},
{"learn":[8061.582711],"iteration":681,"passed_time":3.819974647,"remaining_time":1.781161199},
{"learn":[8052.229858],"iteration":682,"passed_time":3.825163374,"remaining_time":1.775368653},
{"learn":[8037.443718],"iteration":683,"passed_time":3.831575451,"remaining_time":1.770143045},
{"learn":[8035.490303],"iteration":684,"passed_time":3.837371357,"remaining_time":1.764630624},
{"learn":[8024.933342],"iteration":685,"passed_time":3.843217845,"remaining_time":1.75914053},
{"learn":[8014.344192],"iteration":686,"passed_time":3.849520442,"remaining_time":1.753857203},
{"learn":[8003.940629],"iteration":687,"passed_time":3.854115987,"remaining_time":1.747796785},
{"learn":[7986.449936],"iteration":688,"passed_time":3.859750099,"remaining_time":1.742209406},
{"learn":[7974.935945],"iteration":689,"passed_time":3.866368149,"remaining_time":1.737063951},
{"learn":[7960.672044],"iteration":690,"passed_time":3.872376958,"remaining_time":1.731641795},
{"learn":[7949.870564],"iteration":691,"passed_time":3.881344308,"remaining_time":1.72753475},
{"learn":[7946.011629],"iteration":692,"passed_time":3.885758881,"remaining_time":1.721396791},
{"learn":[7936.12943],"iteration":693,"passed_time":3.890748558,"remaining_time":1.715517376},
{"learn":[7928.702942],"iteration":694,"passed_time":3.898215395,"remaining_time":1.710727619},
{"learn":[7926.40168],"iteration":695,"passed_time":3.903968254,"remaining_time":1.705181536},
{"learn":[7918.55132],"iteration":696,"passed_time":3.909965688,"remaining_time":1.699741182},
{"learn":[7910.02106],"iteration":697,"passed_time":3.915413169,"remaining_time":1.694061285},
{"learn":[7902.389585],"iteration":698,"passed_time":3.92133836,"remaining_time":1.688587763},
{"learn":[7886.923307],"iteration":699,"passed_time":3.928380303,"remaining_time":1.683591558},
{"learn":[7874.036321],"iteration":700,"passed_time":3.934439524,"remaining_time":1.678170353},
{"learn":[7872.393136],"iteration":701,"passed_time":3.942347767,"remaining_time":1.673532243},
{"learn":[7863.227815],"iteration":702,"passed_time":3.948954,"remaining_time":1.668334762},
{"learn":[7861.576998],"iteration":703,"passed_time":3.952939858,"remaining_time":1.662031531},
{"learn":[7854.45891],"iteration":704,"passed_time":3.95964207,"remaining_time":1.656871505},
{"learn":[7843.400895],"iteration":705,"passed_time":3.965705894,"remaining_time":1.651441265},
{"learn":[7833.880395],"iteration":706,"passed_time":3.971036401,"remaining_time":1.645705326},
{"learn":[7831.281987],"iteration":707,"passed_time":3.978410861,"remaining_time":1.640813519},
{"learn":[7816.156609],"iteration":708,"passed_time":3.984209387,"remaining_time":1.635267887},
{"learn":[7814.565187],"iteration":709,"passed_time":3.99041858,"remaining_time":1.629889279},
{"learn":[7799.78733],"iteration":710,"passed_time":3.996263303,"remaining_time":1.624360189},
{"learn":[7795.811836],"iteration":711,"passed_time":4.002046723,"remaining_time":1.618805416},
{"learn":[7782.686843],"iteration":712,"passed_time":4.008747873,"remaining_time":1.613619411},
{"learn":[7771.755882],"iteration":713,"passed_time":4.013739273,"remaining_time":1.607744302},
{"learn":[7760.677574],"iteration":714,"passed_time":4.018740939,"remaining_time":1.601875759},
{"learn":[7746.973331],"iteration":715,"passed_time":4.024313341,"remaining_time":1.596236018},
{"learn":[7742.001678],"iteration":716,"passed_time":4.030631244,"remaining_time":1.590890714},
{"learn":[7733.153098],"iteration":717,"passed_time":4.038765347,"remaining_time":1.586256028},
{"learn":[7727.949355],"iteration":718,"passed_time":4.044643849,"remaining_time":1.580730072},
{"learn":[7717.806968],"iteration":719,"passed_time":4.05072107,"remaining_time":1.575280416},
{"learn":[7704.822331],"iteration":720,"passed_time":4.056162972,"remaining_time":1.569583175},
{"learn":[7693.892206],"iteration":721,"passed_time":4.061827789,"remaining_time":1.563972473},
{"learn":[7678.991089],"iteration":722,"passed_time":4.070255025,"remaining_time":1.559419975},
{"learn":[7665.435641],"iteration":723,"passed_time":4.076513131,"remaining_time":1.554029868},
{"learn":[7652.16681],"iteration":724,"passed_time":4.081997056,"remaining_time":1.548343711},
{"learn":[7642.152231],"iteration":725,"passed_time":4.088391347,"remaining_time":1.543001693},
{"learn":[7640.102066],"iteration":726,"passed_time":4.094848184,"remaining_time":1.537680267},
{"learn":[7638.049802],"iteration":727,"passed_time":4.103455142,"remaining_time":1.533159064},
{"learn":[7622.704513],"iteration":728,"passed_time":4.108018228,"remaining_time":1.527123374},
{"learn":[7612.803446],"iteration":729,"passed_time":4.113175546,"remaining_time":1.521311503},
{"learn":[7610.961878],"iteration":730,"passed_time":4.119553523,"remaining_time":1.515950613},
{"learn":[7605.314934],"iteration":731,"passed_time":4.124163648,"remaining_time":1.509939696},
{"learn":[7595.419262],"iteration":732,"passed_time":4.131995507,"remaining_time":1.50510614},
{"learn":[7580.908161],"iteration":733,"passed_time":4.137957309,"remaining_time":1.499586709},
{"learn":[7570.842292],"iteration":734,"passed_time":4.143676343,"remaining_time":1.493978545},
{"learn":[7564.887898],"iteration":735,"passed_time":4.148994164,"remaining_time":1.488226168},
{"learn":[7550.966406],"iteration":736,"passed_time":4.154468556,"remaining_time":1.482530842},
{"learn":[7549.39417],"iteration":737,"passed_time":4.160795601,"remaining_time":1.477138818},
{"learn":[7540.390876],"iteration":738,"passed_time":4.167115979,"remaining_time":1.471741909},
{"learn":[7529.283817],"iteration":739,"passed_time":4.172346377,"remaining_time":1.465959538},
{"learn":[7520.547882],"iteration":740,"passed_time":4.178309757,"remaining_time":1.460434854},
{"learn":[7512.215636],"iteration":741,"passed_time":4.183102779,"remaining_time":1.454502044},
{"learn":[7501.268064],"iteration":742,"passed_time":4.188491271,"remaining_time":1.448778273},
{"learn":[7491.021468],"iteration":743,"passed_time":4.195299295,"remaining_time":1.443543844},
{"learn":[7489.099318],"iteration":744,"passed_time":4.202229467,"remaining_time":1.438346999},
{"learn":[7481.543849],"iteration":745,"passed_time":4.207374121,"remaining_time":1.432537569},
{"learn":[7465.698157],"iteration":746,"passed_time":4.212672186,"remaining_time":1.426781878},
{"learn":[7457.447044],"iteration":747,"passed_time":4.217986004,"remaining_time":1.421032718},
{"learn":[7440.142745],"iteration":748,"passed_time":4.222569695,"remaining_time":1.415040045},
{"learn":[7428.216444],"iteration":749,"passed_time":4.229515587,"remaining_time":1.409838529},
{"learn":[7418.261521],"iteration":750,"passed_time":4.234777753,"remaining_time":1.404074115},
{"learn":[7416.301881],"iteration":751,"passed_time":4.240206571,"remaining_time":1.398365997},
{"learn":[7410.180228],"iteration":752,"passed_time":4.245103127,"remaining_time":1.392484027},
{"learn":[7407.879333],"iteration":753,"passed_time":4.249867139,"remaining_time":1.386561427},
{"learn":[7403.704798],"iteration":754,"passed_time":4.254542363,"remaining_time":1.380613085},
{"learn":[7401.971194],"iteration":755,"passed_time":4.261096675,"remaining_time":1.375274588},
{"learn":[7399.081977],"iteration":756,"passed_time":4.265910776,"remaining_time":1.369374265},
{"learn":[7388.296843],"iteration":757,"passed_time":4.271816415,"remaining_time":1.363825293},
{"learn":[7374.107639],"iteration":758,"passed_time":4.27814426,"remaining_time":1.358409442},
{"learn":[7360.271354],"iteration":759,"passed_time":4.283973724,"remaining_time":1.352833808},
{"learn":[7345.705198],"iteration":760,"passed_time":4.291082588,"remaining_time":1.347659315},
{"learn":[7337.315719],"iteration":761,"passed_time":4.297217803,"remaining_time":1.342175639},
{"learn":[7324.818292],"iteration":762,"passed_time":4.301234588,"remaining_time":1.336032238},
{"learn":[7320.307807],"iteration":763,"passed_time":4.305658428,"remaining_time":1.330020143},
{"learn":[7310.833155],"iteration":764,"passed_time":4.310884106,"remaining_time":1.324258516},
{"learn":[7304.560788],"iteration":765,"passed_time":4.314362463,"remaining_time":1.317964512},
{"learn":[7287.54643],"iteration":766,"passed_time":4.319262002,"remaining_time":1.312109578},
{"learn":[7277.25705],"iteration":767,"passed_time":4.3270102,"remaining_time":1.307117664},
{"learn":[7270.28236],"iteration":768,"passed_time":4.332859958,"remaining_time":1.30154831},
{"learn":[7261.244909],"iteration":769,"passed_time":4.338146335,"remaining_time":1.295809944},
{"learn":[7250.862863],"iteration":770,"passed_time":4.343984175,"remaining_time":1.290236545},
{"learn":[7239.423928],"iteration":771,"passed_time":4.348671038,"remaining_time":1.284322534},
{"learn":[7224.67104],"iteration":772,"passed_time":4.355078923,"remaining_time":1.278917096},
{"learn":[7219.194863],"iteration":773,"passed_time":4.361343838,"remaining_time":1.273467322},
{"learn":[7217.768752],"iteration":774,"passed_time":4.366529278,"remaining_time":1.267702048},
{"learn":[7206.448352],"iteration":775,"passed_time":4.371460751,"remaining_time":1.261864959},
{"learn":[7200.699523],"iteration":776,"passed_time":4.376028585,"remaining_time":1.255925836},
{"learn":[7190.540855],"iteration":777,"passed_time":4.381646233,"remaining_time":1.250289799},
{"learn":[7178.102866],"iteration":778,"passed_time":4.387506037,"remaining_time":1.244722509},
{"learn":[7170.11447],"iteration":779,"passed_time":4.392732863,"remaining_time":1.238975936},
{"learn":[7159.868663],"iteration":780,"passed_time":4.39804922,"remaining_time":1.233255799},
{"learn":[7157.414123],"iteration":781,"passed_time":4.403864857,"remaining_time":1.227675881},
{"learn":[7146.392547],"iteration":782,"passed_time":4.40974238,"remaining_time":1.222112512},
{"learn":[7140.817375],"iteration":783,"passed_time":4.415356926,"remaining_time":1.216475888},
{"learn":[7136.41129],"iteration":784,"passed_time":4.420790368,"remaining_time":1.210789719},
{"learn":[7130.093543],"iteration":785,"passed_time":4.426152814,"remaining_time":1.205084863},
{"learn":[7122.843985],"iteration":786,"passed_time":4.432319709,"remaining_time":1.1995986},
{"learn":[7109.222043],"iteration":787,"passed_time":4.437698626,"remaining_time":1.193898615},
{"learn":[7095.809591],"iteration":788,"passed_time":4.443764358,"remaining_time":1.188383117},
{"learn":[7089.094712],"iteration":789,"passed_time":4.451176496,"remaining_time":1.183224132},
{"learn":[7078.443617],"iteration":790,"passed_time":4.456869605,"remaining_time":1.177605243},
{"learn":[7070.056119],"iteration":791,"passed_time":4.46119692,"remaining_time":1.171627474},
{"learn":[7064.912007],"iteration":792,"passed_time":4.467344661,"remaining_time":1.16612906},
{"learn":[7056.67459],"iteration":793,"passed_time":4.473735406,"remaining_time":1.160692057},
{"learn":[7051.441008],"iteration":794,"passed_time":4.48113946,"remaining_time":1.155513949},
{"learn":[7039.656703],"iteration":795,"passed_time":4.487691614,"remaining_time":1.150111921},
{"learn":[7026.304198],"iteration":796,"passed_time":4.493797534,"remaining_time":1.144593349},
{"learn":[7019.702146],"iteration":797,"passed_time":4.499081772,"remaining_time":1.138865311},
{"learn":[7018.310058],"iteration":798,"passed_time":4.504863726,"remaining_time":1.133263591},
{"learn":[7003.850953],"iteration":799,"passed_time":4.509795239,"remaining_time":1.12744881},
{"learn":[6996.395241],"iteration":800,"passed_time":4.516590293,"remaining_time":1.122099211},
{"learn":[6990.867718],"iteration":801,"passed_time":4.522097733,"remaining_time":1.116428119},
{"learn":[6978.703586],"iteration":802,"passed_time":4.528216992,"remaining_time":1.110907531},
{"learn":[6977.031095],"iteration":803,"passed_time":4.533768417,"remaining_time":1.105247027},
{"learn":[6976.164119],"iteration":804,"passed_time":4.538197163,"remaining_time":1.099314841},
{"learn":[6964.149267],"iteration":805,"passed_time":4.544922401,"remaining_time":1.093939139},
{"learn":[6955.094618],"iteration":806,"passed_time":4.549964454,"remaining_time":1.088157546},
{"learn":[6947.238627],"iteration":807,"passed_time":4.554891221,"remaining_time":1.082350389},
{"learn":[6938.528913],"iteration":808,"passed_time":4.560627413,"remaining_time":1.076736509},
{"learn":[6928.153172],"iteration":809,"passed_time":4.565609358,"remaining_time":1.070945405},
{"learn":[6924.078003],"iteration":810,"passed_time":4.570734736,"remaining_time":1.065189723},
{"learn":[6922.517711],"iteration":811,"passed_time":4.577661833,"remaining_time":1.05985274},
{"learn":[6913.897394],"iteration":812,"passed_time":4.582674039,"remaining_time":1.054071396},
{"learn":[6904.834813],"iteration":813,"passed_time":4.587875602,"remaining_time":1.048335211},
{"learn":[6895.669987],"iteration":814,"passed_time":4.594015476,"remaining_time":1.042813329},
{"learn":[6886.736818],"iteration":815,"passed_time":4.599639297,"remaining_time":1.037173567},
{"learn":[6874.95402],"iteration":816,"passed_time":4.605429763,"remaining_time":1.031571171},
{"learn":[6868.342699],"iteration":817,"passed_time":4.611232567,"remaining_time":1.02597106},
{"learn":[6867.46598],"iteration":818,"passed_time":4.617530328,"remaining_time":1.02047984},
{"learn":[6859.141605],"iteration":819,"passed_time":4.62273899,"remaining_time":1.014747583},
{"learn":[6847.445153],"iteration":820,"passed_time":4.629067137,"remaining_time":1.009260679},
{"learn":[6837.66033],"iteration":821,"passed_time":4.635395535,"remaining_time":1.003771782},
{"learn":[6828.697604],"iteration":822,"passed_time":4.642509101,"remaining_time":0.9984497095},
{"learn":[6826.081989],"iteration":823,"passed_time":4.646992531,"remaining_time":0.9925615114},
{"learn":[6823.906095],"iteration":824,"passed_time":4.652639104,"remaining_time":0.9869234463},
{"learn":[6815.851176],"iteration":825,"passed_time":4.659463619,"remaining_time":0.9815334983},
{"learn":[6806.107848],"iteration":826,"passed_time":4.664815971,"remaining_time":0.9758321197},
{"learn":[6803.815994],"iteration":827,"passed_time":4.672769367,"remaining_time":0.9706718975},
{"learn":[6799.006425],"iteration":828,"passed_time":4.680069841,"remaining_time":0.9653702566},
{"learn":[6790.55258],"iteration":829,"passed_time":4.686099274,"remaining_time":0.9598034659},
{"learn":[6786.892864],"iteration":830,"passed_time":4.693153053,"remaining_time":0.9544438819},
{"learn":[6776.001745],"iteration":831,"passed_time":4.698169339,"remaining_time":0.9486688089},
{"learn":[6766.746042],"iteration":832,"passed_time":4.706045464,"remaining_time":0.9434688985},
{"learn":[6759.574783],"iteration":833,"passed_time":4.710976049,"remaining_time":0.9376762879},
{"learn":[6754.606136],"iteration":834,"passed_time":4.715822251,"remaining_time":0.9318690675},
{"learn":[6747.354433],"iteration":835,"passed_time":4.720401049,"remaining_time":0.926011689},
{"learn":[6744.537586],"iteration":836,"passed_time":4.72631845,"remaining_time":0.9204180493},
{"learn":[6732.714196],"iteration":837,"passed_time":4.732031434,"remaining_time":0.9147841197},
{"learn":[6729.004923],"iteration":838,"passed_time":4.737816267,"remaining_time":0.9091637889},
{"learn":[6728.205209],"iteration":839,"passed_time":4.742536143,"remaining_time":0.9033402177},
{"learn":[6715.748782],"iteration":840,"passed_time":4.74671758,"remaining_time":0.8974174735},
{"learn":[6714.492329],"iteration":841,"passed_time":4.752658206,"remaining_time":0.8918289744},
{"learn":[6704.19495],"iteration":842,"passed_time":4.760085933,"remaining_time":0.8865165972},
{"learn":[6689.095674],"iteration":843,"passed_time":4.766828064,"remaining_time":0.8810724857},
{"learn":[6680.168071],"iteration":844,"passed_time":4.771541586,"remaining_time":0.8752531904},
{"learn":[6669.972751],"iteration":845,"passed_time":4.775855973,"remaining_time":0.8693638533},
{"learn":[6660.890976],"iteration":846,"passed_time":4.780958627,"remaining_time":0.8636206257},
{"learn":[6655.272095],"iteration":847,"passed_time":4.785932928,"remaining_time":0.8578559022},
{"learn":[6650.207108],"iteration":848,"passed_time":4.791642803,"remaining_time":0.8522238673},
{"learn":[6648.125644],"iteration":849,"passed_time":4.79813798,"remaining_time":0.8467302317},
{"learn":[6645.059978],"iteration":850,"passed_time":4.802305849,"remaining_time":0.8408267585},
{"learn":[6638.267337],"iteration":851,"passed_time":4.808122977,"remaining_time":0.8352138505},
{"learn":[6628.476092],"iteration":852,"passed_time":4.812876586,"remaining_time":0.8294171843},
{"learn":[6622.528501],"iteration":853,"passed_time":4.817672085,"remaining_time":0.8236301223},
{"learn":[6612.990837],"iteration":854,"passed_time":4.823321357,"remaining_time":0.8179901716},
{"learn":[6602.4637],"iteration":855,"passed_time":4.829475516,"remaining_time":0.8124351336},
{"learn":[6595.449098],"iteration":856,"passed_time":4.836246627,"remaining_time":0.8069816426},
{"learn":[6591.781538],"iteration":857,"passed_time":4.840262015,"remaining_time":0.8010690048},
{"learn":[6585.232908],"iteration":858,"passed_time":4.845788067,"remaining_time":0.7954087514},
{"learn":[6572.332631],"iteration":859,"passed_time":4.850721712,"remaining_time":0.7896523717},
{"learn":[6562.450684],"iteration":860,"passed_time":4.858179649,"remaining_time":0.7843054254},
{"learn":[6556.507529],"iteration":861,"passed_time":4.865177059,"remaining_time":0.7788798539},
{"learn":[6554.454153],"iteration":862,"passed_time":4.869465096,"remaining_time":0.7730205309},
{"learn":[6551.704461],"iteration":863,"passed_time":4.874535021,"remaining_time":0.7672879199},
{"learn":[6545.391271],"iteration":864,"passed_time":4.879890487,"remaining_time":0.7616014056},
{"learn":[6538.189741],"iteration":865,"passed_time":4.884403504,"remaining_time":0.7557852997},
{"learn":[6528.924147],"iteration":866,"passed_time":4.890187202,"remaining_time":0.7501671256},
{"learn":[6525.530998],"iteration":867,"passed_time":4.896774951,"remaining_time":0.744670845},
{"learn":[6522.939012],"iteration":868,"passed_time":4.900215251,"remaining_time":0.738697581},
{"learn":[6521.1962],"iteration":869,"passed_time":4.905463761,"remaining_time":0.7330003321},
{"learn":[6518.618485],"iteration":870,"passed_time":4.911255643,"remaining_time":0.72738459},
{"learn":[6509.441511],"iteration":871,"passed_time":4.915575786,"remaining_time":0.7215524089},
{"learn":[6502.112756],"iteration":872,"passed_time":4.920369234,"remaining_time":0.715792546},
{"learn":[6501.228515],"iteration":873,"passed_time":4.928344936,"remaining_time":0.7104936635},
{"learn":[6493.648405],"iteration":874,"passed_time":4.933160075,"remaining_time":0.7047371535},
{"learn":[6490.325335],"iteration":875,"passed_time":4.937397988,"remaining_time":0.6989010851},
{"learn":[6471.655304],"iteration":876,"passed_time":4.942664866,"remaining_time":0.6932129743},
{"learn":[6470.050897],"iteration":877,"passed_time":4.947771463,"remaining_time":0.6875035518},
{"learn":[6462.424416],"iteration":878,"passed_time":4.951080371,"remaining_time":0.6815480374},
{"learn":[6454.096249],"iteration":879,"passed_time":4.958420342,"remaining_time":0.6761482285},
{"learn":[6438.362805],"iteration":880,"passed_time":4.96399119,"remaining_time":0.6705050529},
{"learn":[6429.426518],"iteration":881,"passed_time":4.969126291,"remaining_time":0.6648037441},
{"learn":[6418.188459],"iteration":882,"passed_time":4.973940207,"remaining_time":0.6590611599},
{"learn":[6412.341067],"iteration":883,"passed_time":4.979245595,"remaining_time":0.6533851685},
{"learn":[6400.094279],"iteration":884,"passed_time":4.984076126,"remaining_time":0.6476483101},
{"learn":[6391.08531],"iteration":885,"passed_time":4.990669103,"remaining_time":0.6421402683},
{"learn":[6389.801572],"iteration":886,"passed_time":4.995943194,"remaining_time":0.6364617598},
{"learn":[6387.564195],"iteration":887,"passed_time":5.00059745,"remaining_time":0.6307059846},
{"learn":[6377.393278],"iteration":888,"passed_time":5.00571034,"remaining_time":0.6250099524},
{"learn":[6372.918675],"iteration":889,"passed_time":5.010658698,"remaining_time":0.6192948953},
{"learn":[6364.009986],"iteration":890,"passed_time":5.015738898,"remaining_time":0.6135976878},
{"learn":[6355.182799],"iteration":891,"passed_time":5.022373901,"remaining_time":0.6080901135},
{"learn":[6348.12643],"iteration":892,"passed_time":5.027030215,"remaining_time":0.6023429261},
{"learn":[6347.436775],"iteration":893,"passed_time":5.032283057,"remaining_time":0.5966689083},
{"learn":[6341.038993],"iteration":894,"passed_time":5.036996895,"remaining_time":0.5909325966},
{"learn":[6334.629769],"iteration":895,"passed_time":5.041617495,"remaining_time":0.5851877449},
{"learn":[6324.491949],"iteration":896,"passed_time":5.047858509,"remaining_time":0.5796314675},
{"learn":[6316.72436],"iteration":897,"passed_time":5.055605112,"remaining_time":0.5742446786},
{"learn":[6305.768314],"iteration":898,"passed_time":5.063012436,"remaining_time":0.5688145229},
{"learn":[6297.568567],"iteration":899,"passed_time":5.069265057,"remaining_time":0.563251673},
{"learn":[6290.104697],"iteration":900,"passed_time":5.073525039,"remaining_time":0.557468345},
{"learn":[6285.641058],"iteration":901,"passed_time":5.077201129,"remaining_time":0.5516249563},
{"learn":[6284.856941],"iteration":902,"passed_time":5.083932001,"remaining_time":0.5461145117},
{"learn":[6278.707272],"iteration":903,"passed_time":5.090494298,"remaining_time":0.5405834652},
{"learn":[6277.152459],"iteration":904,"passed_time":5.09516315,"remaining_time":0.5348513804},
{"learn":[6264.250786],"iteration":905,"passed_time":5.099915234,"remaining_time":0.5291302781},
{"learn":[6258.39697],"iteration":906,"passed_time":5.105653821,"remaining_time":0.5235124645},
{"learn":[6252.612241],"iteration":907,"passed_time":5.10979477,"remaining_time":0.5177325098},
{"learn":[6239.846385],"iteration":908,"passed_time":5.116451935,"remaining_time":0.5122080595},
{"learn":[6238.464123],"iteration":909,"passed_time":5.122485477,"remaining_time":0.5066194428},
{"learn":[6227.165618],"iteration":910,"passed_time":5.127952287,"remaining_time":0.5009744825},
{"learn":[6214.259455],"iteration":911,"passed_time":5.13229648,"remaining_time":0.4952215902},
{"learn":[6205.114628],"iteration":912,"passed_time":5.137077356,"remaining_time":0.4895133953},
{"learn":[6195.766289],"iteration":913,"passed_time":5.141367138,"remaining_time":0.4837610217},
{"learn":[6183.540504],"iteration":914,"passed_time":5.148126038,"remaining_time":0.4782412167},
{"learn":[6180.447839],"iteration":915,"passed_time":5.153986094,"remaining_time":0.4726362794},
{"learn":[6171.786744],"iteration":916,"passed_time":5.160223691,"remaining_time":0.4670649579},
{"learn":[6161.216971],"iteration":917,"passed_time":5.165328153,"remaining_time":0.461390968},
{"learn":[6151.829102],"iteration":918,"passed_time":5.16978692,"remaining_time":0.4556613063},
{"learn":[6149.065166],"iteration":919,"passed_time":5.174267786,"remaining_time":0.4499363292},
{"learn":[6146.402368],"iteration":920,"passed_time":5.179938574,"remaining_time":0.4443161209},
{"learn":[6138.485302],"iteration":921,"passed_time":5.185317062,"remaining_time":0.4386710747},
{"learn":[6127.596535],"iteration":922,"passed_time":5.190997837,"remaining_time":0.4330518239},
{"learn":[6119.073953],"iteration":923,"passed_time":5.195610067,"remaining_time":0.4273445509},
{"learn":[6111.368668],"iteration":924,"passed_time":5.199807194,"remaining_time":0.4216059887},
{"learn":[6098.92125],"iteration":925,"passed_time":5.204142599,"remaining_time":0.415881806},
{"learn":[6093.287359],"iteration":926,"passed_time":5.211269867,"remaining_time":0.4103804749},
{"learn":[6091.307784],"iteration":927,"passed_time":5.218767424,"remaining_time":0.4049043691},
{"learn":[6081.249054],"iteration":928,"passed_time":5.225072377,"remaining_time":0.3993327651},
{"learn":[6077.851105],"iteration":929,"passed_time":5.228445165,"remaining_time":0.3935388834},
{"learn":[6076.412985],"iteration":930,"passed_time":5.233200752,"remaining_time":0.3878526873},
{"learn":[6075.744431],"iteration":931,"passed_time":5.239501626,"remaining_time":0.3822812345},
{"learn":[6075.156623],"iteration":932,"passed_time":5.246227847,"remaining_time":0.3767387628},
{"learn":[6070.238879],"iteration":933,"passed_time":5.252001792,"remaining_time":0.371126465},
{"learn":[6059.798132],"iteration":934,"passed_time":5.257927089,"remaining_time":0.3655243431},
{"learn":[6053.939598],"iteration":935,"passed_time":5.262282221,"remaining_time":0.3598141689},
{"learn":[6046.915981],"iteration":936,"passed_time":5.267565299,"remaining_time":0.3541692784},
{"learn":[6034.237511],"iteration":937,"passed_time":5.274403728,"remaining_time":0.348627965},
{"learn":[6027.181096],"iteration":938,"passed_time":5.28096816,"remaining_time":0.3430660892},
{"learn":[6025.311161],"iteration":939,"passed_time":5.286175838,"remaining_time":0.337415479},
{"learn":[6018.531197],"iteration":940,"passed_time":5.291444553,"remaining_time":0.3317696372},
{"learn":[6018.073251],"iteration":941,"passed_time":5.296748572,"remaining_time":0.3261267698},
{"learn":[6009.738454],"iteration":942,"passed_time":5.302265412,"remaining_time":0.3204974851},
{"learn":[6004.116821],"iteration":943,"passed_time":5.307329527,"remaining_time":0.3148415821},
{"learn":[5993.877285],"iteration":944,"passed_time":5.311671103,"remaining_time":0.309144879},
{"learn":[5987.397746],"iteration":945,"passed_time":5.316686412,"remaining_time":0.3034894992},
{"learn":[5980.858534],"iteration":946,"passed_time":5.322252493,"remaining_time":0.2978662958},
{"learn":[5978.356037],"iteration":947,"passed_time":5.326615148,"remaining_time":0.2921772022},
{"learn":[5975.02556],"iteration":948,"passed_time":5.332560579,"remaining_time":0.2865759637},
{"learn":[5965.205594],"iteration":949,"passed_time":5.33934799,"remaining_time":0.2810183153},
{"learn":[5963.437748],"iteration":950,"passed_time":5.343390279,"remaining_time":0.275316639},
{"learn":[5953.160035],"iteration":951,"passed_time":5.348471229,"remaining_time":0.2696708183},
{"learn":[5946.987933],"iteration":952,"passed_time":5.354530128,"remaining_time":0.2640744134},
{"learn":[5944.779858],"iteration":953,"passed_time":5.35976935,"remaining_time":0.2584375158},
{"learn":[5939.206778],"iteration":954,"passed_time":5.365496233,"remaining_time":0.2528244298},
{"learn":[5928.433742],"iteration":955,"passed_time":5.372548212,"remaining_time":0.2472720934},
{"learn":[5925.117772],"iteration":956,"passed_time":5.378185742,"remaining_time":0.2416530689},
{"learn":[5914.862155],"iteration":957,"passed_time":5.383665593,"remaining_time":0.2360270928},
{"learn":[5913.013993],"iteration":958,"passed_time":5.389165509,"remaining_time":0.2304022793},
{"learn":[5900.132291],"iteration":959,"passed_time":5.395358196,"remaining_time":0.2248065915},
{"learn":[5894.939277],"iteration":960,"passed_time":5.402355045,"remaining_time":0.2192422963},
{"learn":[5891.994643],"iteration":961,"passed_time":5.408101684,"remaining_time":0.2136256383},
{"learn":[5887.151069],"iteration":962,"passed_time":5.414006415,"remaining_time":0.2080147844},
{"learn":[5886.206511],"iteration":963,"passed_time":5.42021233,"remaining_time":0.2024145683},
{"learn":[5884.095591],"iteration":964,"passed_time":5.426355758,"remaining_time":0.1968108306},
{"learn":[5876.849727],"iteration":965,"passed_time":5.434520158,"remaining_time":0.191277107},
{"learn":[5866.519741],"iteration":966,"passed_time":5.44157668,"remaining_time":0.1857001349},
{"learn":[5860.33571],"iteration":967,"passed_time":5.447887798,"remaining_time":0.1800954644},
{"learn":[5853.127373],"iteration":968,"passed_time":5.45428504,"remaining_time":0.1744920911},
{"learn":[5844.19902],"iteration":969,"passed_time":5.460665001,"remaining_time":0.1688865464},
{"learn":[5837.788165],"iteration":970,"passed_time":5.468371533,"remaining_time":0.1633190262},
{"learn":[5833.348414],"iteration":971,"passed_time":5.473105935,"remaining_time":0.1576614878},
{"learn":[5827.862885],"iteration":972,"passed_time":5.479242256,"remaining_time":0.1520447491},
{"learn":[5815.607057],"iteration":973,"passed_time":5.485091481,"remaining_time":0.1464192798},
{"learn":[5813.739216],"iteration":974,"passed_time":5.490722323,"remaining_time":0.1407877519},
{"learn":[5804.704982],"iteration":975,"passed_time":5.497387967,"remaining_time":0.1351816713},
{"learn":[5793.693173],"iteration":976,"passed_time":5.502457581,"remaining_time":0.1295358489},
{"learn":[5785.09455],"iteration":977,"passed_time":5.506649699,"remaining_time":0.1238714656},
{"learn":[5780.54359],"iteration":978,"passed_time":5.512046563,"remaining_time":0.1182359324},
{"learn":[5776.10047],"iteration":979,"passed_time":5.518310595,"remaining_time":0.1126185836},
{"learn":[5769.424939],"iteration":980,"passed_time":5.526053045,"remaining_time":0.1070285503},
{"learn":[5760.940829],"iteration":981,"passed_time":5.531455861,"remaining_time":0.101391248},
{"learn":[5759.221793],"iteration":982,"passed_time":5.53583098,"remaining_time":0.0957366497},
{"learn":[5754.26308],"iteration":983,"passed_time":5.541744696,"remaining_time":0.09010966985},
{"learn":[5748.300112],"iteration":984,"passed_time":5.545202111,"remaining_time":0.0844447022},
{"learn":[5747.890863],"iteration":985,"passed_time":5.549849946,"remaining_time":0.07880111485},
{"learn":[5741.831387],"iteration":986,"passed_time":5.557515902,"remaining_time":0.0731992976},
{"learn":[5731.168415],"iteration":987,"passed_time":5.562689324,"remaining_time":0.06756302823},
{"learn":[5724.370699],"iteration":988,"passed_time":5.566123364,"remaining_time":0.06190834884},
{"learn":[5719.597543],"iteration":989,"passed_time":5.571232613,"remaining_time":0.0562750769},
{"learn":[5708.848819],"iteration":990,"passed_time":5.576520093,"remaining_time":0.05064448117},
{"learn":[5703.462461],"iteration":991,"passed_time":5.582680555,"remaining_time":0.04502161738},
{"learn":[5698.983653],"iteration":992,"passed_time":5.591559024,"remaining_time":0.03941683098},
{"learn":[5691.701473],"iteration":993,"passed_time":5.598081724,"remaining_time":0.03379123777},
{"learn":[5684.737623],"iteration":994,"passed_time":5.603848177,"remaining_time":0.02816004109},
{"learn":[5678.471373],"iteration":995,"passed_time":5.608525768,"remaining_time":0.02252419987},
{"learn":[5677.812499],"iteration":996,"passed_time":5.613408152,"remaining_time":0.01689089715},
{"learn":[5673.909888],"iteration":997,"passed_time":5.619941369,"remaining_time":0.01126240755},
{"learn":[5671.446739],"iteration":998,"passed_time":5.626784267,"remaining_time":0.005632416684},
{"learn":[5670.421946],"iteration":999,"passed_time":5.633165596,"remaining_time":0}
]}